INSERT INTO category(id,name) VALUES
 (1,'Affordable Electronics')
,(2,'Simple Fashion')
,(3,'Innovative Health')
,(4,'Innovative Electronics')
,(5,'Luxury Garden')
,(6,'Affordable Automotive')
,(7,'Eco-Friendly Beauty')
,(8,'Trendy Office')
,(9,'Modern Pets')
,(10,'Affordable Toys');
INSERT INTO category(id,name) VALUES
 (11,'Modern Home')
,(12,'Premium Electronics')
,(13,'Eco-Friendly Travel')
,(14,'Classic Grocery')
,(15,'Classic Automotive')
,(16,'Classic Automotive')
,(17,'Unique Home')
,(18,'Luxury Beauty')
,(19,'Trendy Grocery')
,(20,'Eco-Friendly Beauty');
INSERT INTO category(id,name) VALUES
 (21,'Simple Fashion')
,(22,'Luxury Sports')
,(23,'Eco-Friendly Grocery')
,(24,'Affordable Home')
,(25,'Unique Garden')
,(26,'Modern Fashion')
,(27,'Unique Garden')
,(28,'Eco-Friendly Health')
,(29,'Trendy Fashion')
,(30,'Modern Fashion');
INSERT INTO category(id,name) VALUES
 (31,'Eco-Friendly Beauty')
,(32,'Premium Fashion')
,(33,'Classic Beauty')
,(34,'Innovative Toys')
,(35,'Simple Fashion')
,(36,'Simple Grocery');
INSERT INTO product(id,name,category_id,price,quantity) VALUES
 (1,'Jolly Interface Sync',7,17.17,12)
,(2,'Heavenly Series Prime',11,13.2,11)
,(3,'Zealous Creation Cloud',2,16,6)
,(4,'Kooky Design Matrix',27,16.89,6)
,(5,'Incredible Platform Trace',2,15.41,26)
,(6,'Quixotic Solution Network',11,19.43,9)
,(7,'Gleeful Venture Path',19,14.19,13)
,(8,'Vibrant Technology Vault',26,19.65,16)
,(9,'Playful Inventory Reach',12,16.07,8)
,(10,'Zealous Strategy Arc',13,16.41,14)
,(11,'Dreamy Scheme Flow',32,17.87,22)
,(12,'Noteworthy Concept Wave',19,12.79,12)
,(13,'Zany Operation 2.0',17,13.85,7)
,(14,'Jubilant Formation Track',19,17.74,20)
,(15,'Unique Tool Cloud',31,18.07,6)
,(16,'Cool Specification 360',20,13.96,3)
,(17,'Mystical Structure Smart',25,17.59,1)
,(18,'Creative Library Roadmap',16,12.63,19)
,(19,'Gorgeous Record Apex',17,17.88,17)
,(20,'Remarkable System Key',23,13.99,10);
INSERT INTO product(id,name,category_id,price,quantity) VALUES
 (21,'Quixotic Scheme Neo',27,19.76,18)
,(22,'Optimistic Tool Matrix',13,14.78,9)
,(23,'Energizing Solution Edge',14,13.47,11)
,(24,'Vigorous Portfolio Vibe',35,15.82,26)
,(25,'Adventurous Ensemble Shift',3,13.83,25)
,(26,'Quaint Operation 360',15,15.95,26)
,(27,'Brisk Array Channel',3,17.13,4)
,(28,'Awesome Composition Unit',29,17.31,20)
,(29,'Jubilant Assortment Stream',24,17.56,5)
,(30,'Astounding Structure Unit',4,16.67,18)
,(31,'Keen Application Source',22,17.92,6)
,(32,'Vivid Formation Scout',3,14.46,10)
,(33,'Optimistic Program Glide',19,14.47,25)
,(34,'Uplifting Strategy Zone',22,17.04,18)
,(35,'Remarkable Repository Unit',12,17.6,4)
,(36,'Charming Selection Fusion',21,14.83,13)
,(37,'Joyful Instrument Matrix',35,14.17,19)
,(38,'Majestic Cluster Focus',17,15.24,23)
,(39,'Kind Framework Spark',30,16.14,8)
,(40,'Uplifting Experience Sphere',24,16.91,16);
INSERT INTO product(id,name,category_id,price,quantity) VALUES
 (41,'Amazing Series Rover',36,16.67,7)
,(42,'Majestic Innovation Pinnacle',15,16.9,20)
,(43,'Nurturing Item Nest',13,19.03,17)
,(44,'Xtraordinary Concept Vault',19,12.62,21)
,(45,'Delightful Engine Wave',17,14.31,9)
,(46,'Vigorous Plan Neo',34,13.66,19)
,(47,'Exuberant Scheme Blaze',3,13.82,3)
,(48,'Quaint Inventory Track',32,15.26,17)
,(49,'Perfect Ensemble Track',10,15.57,15)
,(50,'Nifty Digest Focus',10,17.05,8)
,(51,'Delightful Technology 2.0',29,12.39,9)
,(52,'Dreamy Database Fusion',21,15.42,25)
,(53,'Delightful Directory Plus',9,13.33,2)
,(54,'Adventurous Compendium Gear',8,18.96,14)
,(55,'Open Kit Vision',1,19.73,18)
,(56,'Trendy Framework Edge',33,19.36,13)
,(57,'Flamboyant Utility Blaze',3,19.76,26)
,(58,'Outstanding Architecture Wave',13,16.66,3)
,(59,'Uplifting Interface Flow',22,18.54,16)
,(60,'Noteworthy Compendium Vibe',20,19.27,4);
INSERT INTO product(id,name,category_id,price,quantity) VALUES
 (61,'Wondrous Creation Neo',23,16.88,23)
,(62,'Charming Venture Arc',25,16.99,10)
,(63,'Courageous Package Smart',30,12.08,14)
,(64,'Captivating Device Guide',22,16.98,17)
,(65,'Witty Resource Connect',9,12.15,24)
,(66,'Kooky Solution Nest',19,12.49,20)
,(67,'Astounding System Aura',34,17.28,4)
,(68,'Keen Bundle Plus',31,19.14,10)
,(69,'Exuberant Utility Max',21,18.99,20)
,(70,'Open Product Track',1,19.77,12)
,(71,'Outstanding Platform Guide',33,15.69,16)
,(72,'Vibrant Blueprint Quest',14,17.5,6)
,(73,'Kooky Bundle Path',29,18.88,10)
,(74,'Stylish Directory Matrix',13,19.67,18)
,(75,'Energizing Composition Track',33,13.81,22)
,(76,'Zesty Solution Vibe',23,16.6,5)
,(77,'Genuine Scheme Clutch',18,16.14,5)
,(78,'Happy Resource Blaze',33,18.4,22)
,(79,'Dreamy Creation Bridge',11,14.8,10)
,(80,'Vivid Specification Ultra',12,14.55,1);
INSERT INTO product(id,name,category_id,price,quantity) VALUES
 (81,'Courageous Design Core',9,17.79,2)
,(82,'Zealous Widget Track',2,18.22,26)
,(83,'Zappy Resource Pulse',32,15.27,22)
,(84,'Noteworthy Lineup Sphere',27,12.04,16)
,(85,'Keen Scheme Sync',3,18.75,15)
,(86,'Jolly Item Smart',25,18.84,18)
,(87,'Vivacious Platform Shift',31,19.35,15)
,(88,'Fabulous Concept Nest',28,19.74,12)
,(89,'Courageous Engine Max',6,15.19,6)
,(90,'Tantalizing System Neo',2,18.74,18)
,(91,'Charming Docket Pulse',28,13.41,24)
,(92,'Radiant Design One',27,18.52,13)
,(93,'Unique Operation Pulse',2,12.26,6)
,(94,'Open Selection Zone',36,17.29,11)
,(95,'Quirky Technology One',33,17.51,15)
,(96,'Yummy Inventory Base',13,14.87,8)
,(97,'Zesty Construction Point',12,18.36,25)
,(98,'Genuine Database Link',34,19.87,20)
,(99,'Flamboyant Construction Trace',15,19.53,8)
,(100,'Sincere Framework Base',8,19.88,13);
INSERT INTO product(id,name,category_id,price,quantity) VALUES
 (101,'Xtraordinary Collection Spark',36,15.41,5)
,(102,'Genuine Blueprint Boost',9,14.06,17)
,(103,'Joyful Digest Prime',28,15.14,9)
,(104,'Adventurous Artifact Vision',32,12.11,23)
,(105,'Witty Record Peak',20,13.91,13)
,(106,'Vibrant Initiative Vision',29,14.51,12)
,(107,'Optimistic Digest Peak',2,14.86,17)
,(108,'Yummy Product Spark',29,12.49,20)
,(109,'Trendy System Apex',33,19.6,13)
,(110,'Captivating Bundle Core',12,16.96,26)
,(111,'Magical Docket Sync',8,16.38,22)
,(112,'Delightful Concept X',34,13.63,9)
,(113,'Playful Collection Arc',9,17.92,16)
,(114,'Youthful Architecture Launch',24,15.1,11)
,(115,'Unforgettable Bundle 2.0',9,13.4,16)
,(116,'Jubilant Structure Wave',35,16.53,20)
,(117,'Fabulous Package Channel',20,18.62,3)
,(118,'Fantastic Docket Circuit',14,15.34,21)
,(119,'Jolly Record Sync',9,17.29,8)
,(120,'Uplifting Inventory Ring',17,12.99,9);
INSERT INTO product(id,name,category_id,price,quantity) VALUES
 (121,'Gorgeous Paradigm Focus',27,16.21,16)
,(122,'Outstanding Utility Nest',19,15.46,12)
,(123,'Yummy Library Vision',31,13.8,19)
,(124,'Zany Program Trace',25,15.32,5)
,(125,'Vigorous Kit Core',13,14.13,11)
,(126,'Zappy Paradigm Circuit',4,19.76,24)
,(127,'Noble Widget Gear',36,17.28,25)
,(128,'Luminous Model Lite',3,15.79,8)
,(129,'Happy Element 2.0',35,17.07,15)
,(130,'Bubbly Compendium Nest',13,14.07,21)
,(131,'Gleeful System Track',12,19.46,7)
,(132,'Passionate Device Matrix',20,13.17,5)
,(133,'Witty Set Focus',13,13.34,17)
,(134,'Zesty Program Key',8,17.55,26)
,(135,'Noteworthy Package Nest',11,18.83,3)
,(136,'Xtraordinary Assortment Sync',22,17.27,3)
,(137,'Youthful Mechanism Rover',3,16.94,2)
,(138,'Jubilant Structure Launch',31,17.4,16)
,(139,'Lively Service Launch',13,16.98,10)
,(140,'Terrific Instrument Vision',35,13.8,13);
INSERT INTO product(id,name,category_id,price,quantity) VALUES
 (141,'Optimistic Series One',19,15.01,13)
,(142,'Nifty Technology Trace',31,13.37,16)
,(143,'Graceful Technology Channel',10,16.25,4)
,(144,'Limitless Solution Elite',27,12.85,22)
,(145,'Heavenly Blueprint Arc',35,16.26,14)
,(146,'Witty Package Apex',12,13.43,2)
,(147,'Uplifting Ensemble Nest',7,18.13,19)
,(148,'Exuberant Package Hub',24,16.98,24)
,(149,'Fantastic File Line',8,18.91,13)
,(150,'Inspiring Entity Flow',18,12.77,9)
,(151,'Flamboyant Artifact Vision',2,16.41,23)
,(152,'Nurturing Inventory Circuit',13,18.23,3)
,(153,'Luminous Directory Flow',16,15.54,6)
,(154,'Sassy Architecture Edge',26,16.37,9)
,(155,'Witty Asset Edge',3,15.5,4)
,(156,'Courageous Register Core',24,17.18,14)
,(157,'Uplifting Solution Glide',28,16.76,3)
,(158,'Nifty Digest Quest',12,14.58,12)
,(159,'Unique Technology Pinnacle',22,15.81,25)
,(160,'Lovely Asset Guide',16,18.52,1);
INSERT INTO product(id,name,category_id,price,quantity) VALUES
 (161,'Brisk Collection Bridge',8,19.85,24)
,(162,'Brisk Project Cloud',21,16.19,10)
,(163,'Outstanding Blueprint Path',8,17.19,19)
,(164,'Harmonious Module Guide',19,18.67,3)
,(165,'Mystical Concept Sphere',9,17.4,15)
,(166,'Quixotic Project Smart',24,15.69,5)
,(167,'Vigorous Program Core',4,14.2,9)
,(168,'Adventurous Paradigm Spark',17,17.5,6)
,(169,'Terrific Digest Pinnacle',28,15.68,3)
,(170,'Sassy Tool Shift',15,17.34,17)
,(171,'Stylish Package Source',25,14.75,4)
,(172,'Sincere Catalog Track',17,17.34,14)
,(173,'Impressive Package Spark',22,19.88,23)
,(174,'Trendy System One',23,16.42,11)
,(175,'Zappy System Pro',15,17.36,26)
,(176,'Heavenly Device Edge',2,12.76,17)
,(177,'Courageous Composition Nest',19,17.22,7)
,(178,'Unique Entity Roadmap',4,16.33,23)
,(179,'Noble Element Nest',16,13.59,5)
,(180,'Courageous Scheme Max',27,19.54,15);
INSERT INTO product(id,name,category_id,price,quantity) VALUES
 (181,'Fantastic Digest Base',25,19.76,11)
,(182,'Outstanding Framework Glide',34,16.33,12)
,(183,'Jolly Service Ring',4,16.96,14)
,(184,'Kooky Utility Drive',34,19.99,7)
,(185,'Youthful Scheme Elite',33,13.87,20)
,(186,'Optimistic Venture Line',10,18.89,12)
,(187,'Vivacious Apparatus Track',1,15.54,7)
,(188,'Playful Utility Vision',16,12.97,7)
,(189,'Dreamy System Nest',13,16.31,17)
,(190,'Quick Initiative Line',31,15.6,22)
,(191,'Zappy Portfolio Key',4,13.48,3)
,(192,'Vivacious Library Vibe',16,12.78,2)
,(193,'Amazing Inventory Sphere',27,13.46,21)
,(194,'Quixotic Initiative Elite',27,17.46,17)
,(195,'Dazzling Utility Tribe',10,12.17,11)
,(196,'Sincere Bundle Line',5,14.22,5)
,(197,'Quixotic Interface Flow',18,18.56,3)
,(198,'Unique Cluster Vibe',36,13.68,6)
,(199,'Cool Cluster Launch',17,12.7,2)
,(200,'Adventurous Concept Matrix',29,17.76,10);
INSERT INTO product(id,name,category_id,price,quantity) VALUES
 (201,'Dreamy Blueprint Spark',25,15.04,14)
,(202,'Perfect Interface Base',7,16.46,1)
,(203,'Wondrous Utility Channel',5,17.45,4)
,(204,'Jubilant Service Gear',33,15.13,22)
,(205,'Trendy Asset Connect',33,13.71,26)
,(206,'Dazzling Model Unit',36,16.95,1)
,(207,'Optimistic Selection Roadmap',7,12.58,16)
,(208,'Noble Engine Elite',27,14.14,17)
,(209,'Wondrous Blueprint Shift',24,15.71,8)
,(210,'Xenial Portfolio Vision',34,15.1,7)
,(211,'Amazing Series Fusion',11,16.53,20)
,(212,'Nurturing Widget Stream',21,13.2,21)
,(213,'Gorgeous Module Vault',28,15.33,2)
,(214,'Yummy Asset Wave',28,19.03,12)
,(215,'Flamboyant Array Channel',9,18.44,8)
,(216,'Quirky Initiative Channel',9,13.07,3)
,(217,'Fabulous Platform Tribe',36,12.65,3)
,(218,'Vivacious Series Path',17,14.95,20)
,(219,'Terrific Scheme 360',5,16.56,3)
,(220,'Gorgeous Bundle Nest',10,14.4,1);
INSERT INTO product(id,name,category_id,price,quantity) VALUES
 (221,'Thrilling Selection Pro',17,12.84,4)
,(222,'Fantastic Repository Flow',21,15.55,19)
,(223,'Courageous Device Core',3,19.19,25)
,(224,'Vivacious Archives Nest',21,17.12,23)
,(225,'Lively Specification 360',22,15.4,5)
,(226,'Xtraordinary Digest Elite',21,15.58,23)
,(227,'Noble Entity Blaze',15,12.11,3)
,(228,'Limitless Framework Rover',26,15.88,23)
,(229,'Optimistic Concept Launch',3,17.15,5)
,(230,'Joyful Creation Key',11,18.09,1)
,(231,'Yummy Resource Network',8,13.52,8)
,(232,'Youthful Cluster Launch',31,13.67,12)
,(233,'Delightful Artifact Edge',3,13.13,8)
,(234,'Astounding Operation Glide',4,13.31,23)
,(235,'Vibrant Item Peak',4,12.6,16)
,(236,'Noble Lineup Network',15,19.02,13)
,(237,'Fearless Mechanism Clutch',21,17.81,18)
,(238,'Astounding Selection Max',26,12.83,22)
,(239,'Vigorous Item Nest',3,17.38,3)
,(240,'Optimistic Kit Shift',15,19.47,10);
INSERT INTO product(id,name,category_id,price,quantity) VALUES
 (241,'Wholesome Repository Guide',10,13.38,6)
,(242,'Astounding Inventory Stream',30,15.75,7)
,(243,'Optimistic Program Rover',8,13.81,5)
,(244,'Majestic Digest Spark',14,15.98,1)
,(245,'Joyful Project Track',14,13.05,26)
,(246,'Tantalizing Catalog One',31,19.6,23)
,(247,'Vivacious Array Spark',24,15.27,19)
,(248,'Flamboyant Blueprint Rover',33,15.15,9)
,(249,'Whimsical File Prime',25,16.19,7)
,(250,'Fantastic Construction Core',20,14.57,3)
,(251,'Zappy System Wave',31,15.56,18)
,(252,'Brisk Structure Clutch',35,18.67,24)
,(253,'Delightful Framework Vibe',28,19.23,19)
,(254,'Energizing Resource Track',29,15.85,8)
,(255,'Jazzy Strategy Smart',7,15.66,26)
,(256,'Yummy Formation Neo',15,17.86,13)
,(257,'Magical Lineup Shift',8,12.03,9)
,(258,'Thrilling Model Gear',12,12.81,11)
,(259,'Jubilant Arrangement Elite',27,14.02,5)
,(260,'Revitalizing Network Arc',10,16.23,7);
INSERT INTO product(id,name,category_id,price,quantity) VALUES
 (261,'Incredible Concept Pinnacle',17,16.91,21)
,(262,'Unique Lineup Wave',5,12.4,23)
,(263,'Zealous Compendium Core',29,14.2,24)
,(264,'Bubbly Collection Shift',33,17.72,21)
,(265,'Creative Set Ring',23,14.15,26)
,(266,'Quaint Framework Focus',32,17.27,20)
,(267,'Quick Mechanism Sync',23,16.61,13)
,(268,'Youthful Cluster Flow',5,16.59,2)
,(269,'Bubbly Experience Stream',29,16.99,17)
,(270,'Inspiring Framework Fusion',12,19.96,24)
,(271,'Energizing Package Rover',20,12.89,10)
,(272,'Quixotic Archives Apex',14,15.37,15)
,(273,'Yummy Instrument Max',24,15.91,10)
,(274,'Exuberant Paradigm Tribe',18,17.45,19)
,(275,'Kooky Structure Line',2,14.61,26)
,(276,'Harmonious Operation Vault',10,17.3,21)
,(277,'Perfect Solution Boost',27,19.85,12)
,(278,'Nifty Entity Elite',12,13.02,10)
,(279,'Courageous Element Vision',15,12.66,23)
,(280,'Unforgettable Instrument Vision',32,16.95,6);
INSERT INTO product(id,name,category_id,price,quantity) VALUES
 (281,'Open Technology Scout',6,13.77,2)
,(282,'Zappy Model Source',2,14.81,6)
,(283,'Jubilant Series Ultra',25,14.87,3)
,(284,'Radiating Archives Vision',15,14.3,8)
,(285,'Astounding Docket Sync',5,13.59,6)
,(286,'Magnificent Arrangement Bridge',10,13.87,18)
,(287,'Charming Widget Spark',3,19.22,5)
,(288,'Uplifting Innovation Glide',12,18.22,25)
,(289,'Sassy Application Key',7,17.29,5)
,(290,'Vibrant Artifact Cloud',36,19.85,3)
,(291,'Lively Venture Edge',29,15.42,1)
,(292,'Jazzy Design Drive',16,18.48,15)
,(293,'Delightful Framework Pinnacle',9,13.66,6)
,(294,'Remarkable Engine Portal',16,16.89,21)
,(295,'Radiating Array Boost',1,17.33,11)
,(296,'Revitalizing Database Hub',23,12.03,2)
,(297,'Optimistic Kit Pinnacle',27,12.92,18)
,(298,'Playful System Pulse',21,17.43,23)
,(299,'Keen Cluster Wave',18,15.16,9)
,(300,'Magnificent Item Vibe',29,19.03,21);
INSERT INTO product(id,name,category_id,price,quantity) VALUES
 (301,'Thrilling Program Channel',34,18.34,23)
,(302,'Sassy Series Channel',21,18.07,5)
,(303,'Zealous Arrangement Reach',7,16.99,16)
,(304,'Wondrous Apparatus Launch',16,19.33,26)
,(305,'Brisk Construction Reach',5,16.5,3)
,(306,'Remarkable Structure Network',15,16.02,11)
,(307,'Uplifting Formation Vibe',35,14.91,14)
,(308,'Incredible Repository Gear',12,13.14,16)
,(309,'Outstanding Interface Max',1,17.34,3)
,(310,'Passionate Selection Drive',9,12.36,15)
,(311,'Creative Design X',10,19.51,25)
,(312,'Vibrant Package Core',8,12.22,6)
,(313,'Yummy Program Nest',13,13.26,24)
,(314,'Magical Database Path',6,13.68,10)
,(315,'Kind Catalog Ring',10,15.98,7)
,(316,'Sensational Framework Arc',5,14.36,18)
,(317,'Sensational Directory 360',30,13.83,2)
,(318,'Dynamic Set Sphere',9,12.55,20)
,(319,'Sensational Library Source',18,18.35,6)
,(320,'Vivacious Assortment Matrix',36,14.21,25);
INSERT INTO product(id,name,category_id,price,quantity) VALUES
 (321,'Effervescent Mechanism Cloud',20,15.74,20)
,(322,'Uplifting Concept Link',34,16.74,20)
,(323,'Lovely Catalog Cloud',31,12.49,23)
,(324,'Stylish Module Focus',25,14.86,11)
,(325,'Zesty Framework Network',9,16.51,16)
,(326,'Captivating System Boost',8,12.55,9)
,(327,'Cool Archives Drive',14,18.08,24)
,(328,'Lively Construction Ring',22,19.46,24)
,(329,'Kooky Entity Portal',9,19.03,26)
,(330,'Graceful Architecture Sphere',6,14.37,17)
,(331,'Energizing Network Ring',19,16.53,21)
,(332,'Nurturing Network Drive',3,16.92,12)
,(333,'Optimistic Record Elite',4,18.26,5)
,(334,'Noteworthy Interface Quest',24,17.72,17)
,(335,'Harmonious Entity Point',20,18.16,20)
,(336,'Witty Package Matrix',24,17.37,25)
,(337,'Stylish Register Scout',13,18.11,10)
,(338,'Adventurous Scheme Spark',27,14.07,11)
,(339,'Zappy Instrument 360',16,16.87,14)
,(340,'Awesome Instrument Source',26,12.59,15);
INSERT INTO product(id,name,category_id,price,quantity) VALUES
 (341,'Brisk Set Base',5,12.7,11)
,(342,'Kind System Smart',21,16.69,21)
,(343,'Flamboyant Package Nest',8,19.52,7)
,(344,'Zappy Paradigm Zone',26,19.16,25)
,(345,'Sensational Record Unit',14,13.26,8)
,(346,'Zany Library Nest',19,19.77,9)
,(347,'Outstanding Set Vault',27,15.64,4)
,(348,'Jazzy Widget Apex',9,12,9)
,(349,'Nurturing Widget X',35,16.44,18)
,(350,'Zealous Scheme Key',18,15.44,1)
,(351,'Passionate File Rover',34,13.11,7)
,(352,'Playful Concept Blaze',29,16.54,22)
,(353,'Trendy Network Point',10,18.28,26)
,(354,'Youthful Application One',2,17.19,15)
,(355,'Magical Interface One',7,17.96,26)
,(356,'Sensational Portfolio Lite',23,18.61,7)
,(357,'Heavenly Digest Link',13,18.46,17)
,(358,'Passionate Assortment Channel',35,18.59,15)
,(359,'Sassy Technology Channel',5,13.34,22)
,(360,'Heavenly Mechanism Wave',21,12.63,13);
INSERT INTO product(id,name,category_id,price,quantity) VALUES
 (361,'Fantastic Kit Rover',36,15.92,3)
,(362,'Passionate Item Link',26,12.95,22)
,(363,'Zesty Model X',17,17.69,23)
,(364,'Xenial Set Key',34,17.17,7)
,(365,'Zesty Apparatus 2.0',22,12.7,10)
,(366,'Fearless Plan Zone',4,12.78,9)
,(367,'Zappy Digest Channel',14,15.38,2)
,(368,'Youthful Item Line',7,14.76,21)
,(369,'Uplifting Formation Track',15,18.81,15)
,(370,'Lively Package Clutch',5,14.07,22)
,(371,'Terrific Solution Stream',24,13.23,16)
,(372,'Magnificent File Aura',24,16.23,7)
,(373,'Fearless Technology Nest',6,17.77,20)
,(374,'Quick Service Tribe',9,19.72,19)
,(375,'Courageous Digest Lite',32,18.66,10)
,(376,'Happy Inventory Cloud',36,14.7,8)
,(377,'Mystical Artifact Vault',19,16.61,26)
,(378,'Gorgeous Formation Bridge',8,18.05,24)
,(379,'Terrific Framework Track',16,19.87,25)
,(380,'Mystical Paradigm Core',10,16.08,17);
INSERT INTO product(id,name,category_id,price,quantity) VALUES
 (381,'Bold Gadget Key',30,13.15,13)
,(382,'Exuberant Utility Blaze',5,18.06,21)
,(383,'Playful Assortment Vision',17,15.85,21)
,(384,'Energizing Concept Spark',12,12.77,9)
,(385,'Xtraordinary Framework Hub',6,15.07,14)
,(386,'Charming Framework Channel',1,15.87,1)
,(387,'Remarkable Lineup Source',36,16,1)
,(388,'Zealous Array Hub',17,12.6,3)
,(389,'Lively Framework Pinnacle',22,16.22,13)
,(390,'Outstanding Project 2.0',5,17.74,8)
,(391,'Uplifting Collection Glide',24,18.23,26)
,(392,'Majestic Design Clutch',36,16.71,5)
,(393,'Kind Concept Core',30,13.59,9)
,(394,'Wholesome Series Glide',34,14.52,20)
,(395,'Captivating Compendium Point',25,15.14,23)
,(396,'Zesty Module Vision',18,15.56,3)
,(397,'Lovely Package Gear',7,12.69,3)
,(398,'Quick Docket Nest',26,14.63,3)
,(399,'Nurturing Blueprint Hub',34,13.52,19)
,(400,'Radiating Engine Stream',1,17.7,23);
INSERT INTO product(id,name,category_id,price,quantity) VALUES
 (401,'Charming System Roadmap',15,19.27,14)
,(402,'Terrific Bundle Guide',34,18.16,21)
,(403,'Vibrant Innovation Pinnacle',33,18.99,7)
,(404,'Playful Ensemble Scout',28,18.66,15)
,(405,'Youthful Lineup Portal',3,14.62,22)
,(406,'Innovative Concept Key',14,13.3,16)
,(407,'Vivacious Operation Stream',12,17.23,5)
,(408,'Quixotic Framework Fusion',27,13.2,7)
,(409,'Passionate Repository Clutch',2,15.25,16)
,(410,'Luminous Platform Tribe',1,16.49,8)
,(411,'Passionate Register Plus',4,19.69,24)
,(412,'Genuine Model Network',16,18.94,20)
,(413,'Mystical Composition Rover',20,12.4,3)
,(414,'Perfect Concept Shift',25,14.23,14)
,(415,'Uplifting Service Scout',32,19.23,8)
,(416,'Jolly File Drive',32,16.33,8)
,(417,'Mystical Design Quest',24,16.8,12)
,(418,'Noble Directory Track',9,17.98,2)
,(419,'Radiant Utility Source',23,18.71,20)
,(420,'Zany Asset Unit',25,12.52,9);
INSERT INTO product(id,name,category_id,price,quantity) VALUES
 (421,'Courageous Database Line',15,13.82,12)
,(422,'Astounding Resource Zone',12,13.39,20)
,(423,'Playful Framework Pro',32,16.18,11)
,(424,'Incredible Technology Matrix',16,13.25,22)
,(425,'Quirky Repository Elite',11,12.11,26)
,(426,'Outstanding Scheme Tribe',31,15.21,22)
,(427,'Mystical Framework Portal',2,12.08,26)
,(428,'Lively Archives Reach',18,18.24,25)
,(429,'Limitless Blueprint Trace',27,13.24,21)
,(430,'Charming Network Shift',36,14.28,17)
,(431,'Vivid Set Apex',24,19.47,1)
,(432,'Brisk Blueprint Vibe',19,12.3,4)
,(433,'Dazzling Item Neo',33,18.01,24)
,(434,'Gorgeous Register Hub',4,18.36,23)
,(435,'Delightful Package Source',2,16.82,6)
,(436,'Nurturing Design Plus',25,14.36,2)
,(437,'Sassy Experience Arc',10,13.75,11)
,(438,'Thrilling Framework Roadmap',9,18.19,8)
,(439,'Innovative Service Max',32,12.84,3)
,(440,'Noble Asset Ultra',14,16.14,17);
INSERT INTO product(id,name,category_id,price,quantity) VALUES
 (441,'Dazzling Paradigm Tribe',7,18.59,10)
,(442,'Effervescent Repository Clutch',9,15.09,14)
,(443,'Nurturing Platform Wave',3,18.35,10)
,(444,'Kinetic Engine Wave',13,12.81,8)
,(445,'Outstanding Series X',21,12.17,14)
,(446,'Remarkable Kit Boost',5,18.64,15)
,(447,'Lovely Process Core',13,13.75,6)
,(448,'Effervescent Resource Track',13,12.73,19)
,(449,'Dreamy Apparatus Arc',34,19.86,18)
,(450,'Zany Digest Trace',2,15.43,14)
,(451,'Wondrous Digest Plus',16,13.4,11)
,(452,'Awesome Gadget Blaze',35,19.39,14)
,(453,'Heavenly Blueprint Sync',16,14.06,23)
,(454,'Unique Package Ultra',18,12.87,21)
,(455,'Flamboyant Plan Matrix',15,13.98,11)
,(456,'Gorgeous Mechanism Portal',32,16.75,20)
,(457,'Bubbly Instrument Smart',25,18.37,26)
,(458,'Sincere File Key',36,12.29,4)
,(459,'Witty Concept Blaze',2,13.97,24)
,(460,'Courageous Blueprint One',34,13.52,9);
INSERT INTO product(id,name,category_id,price,quantity) VALUES
 (461,'Effervescent Gadget Shift',18,13.83,1)
,(462,'Sensational Framework Channel',25,12.56,16)
,(463,'Stylish Apparatus Vault',7,19.98,6)
,(464,'Incredible Entity One',36,13.61,14)
,(465,'Whimsical System Source',23,13.82,23)
,(466,'Noteworthy Venture Portal',12,16.7,20)
,(467,'Mystical Set Max',18,14.86,20)
,(468,'Youthful Experience Scout',23,12.18,20)
,(469,'Kind Artifact Link',14,13.06,9)
,(470,'Unique Element Trace',11,19.75,24)
,(471,'Astounding Portfolio Nest',11,19.82,10)
,(472,'Nurturing Item Sphere',15,13.99,16)
,(473,'Creative Design Zone',34,17.33,26)
,(474,'Elegant Item Portal',20,15.46,12)
,(475,'Majestic Kit Key',6,15.24,5)
,(476,'Heavenly Bundle Plus',10,12.95,16)
,(477,'Open Paradigm Line',18,18.63,22)
,(478,'Youthful Portfolio Glide',31,18.14,12)
,(479,'Happy Package Aura',2,12.6,2)
,(480,'Amazing Element Prime',27,17.87,6);
INSERT INTO product(id,name,category_id,price,quantity) VALUES
 (481,'Fearless Package Circuit',20,19.83,15)
,(482,'Heavenly Concept Portal',20,17.13,8)
,(483,'Vigorous Entity Tribe',17,17.72,17)
,(484,'Playful Service Wave',1,13.6,22)
,(485,'Cool Application Shift',35,12.27,17)
,(486,'Playful Formation Pinnacle',14,13.8,13)
,(487,'Tantalizing Array Unit',17,12.17,22)
,(488,'Energizing Cluster Line',8,14.13,22)
,(489,'Creative Architecture Matrix',16,13.69,14)
,(490,'Noble Catalog Core',36,16.85,8)
,(491,'Awesome Array Source',8,13.93,22)
,(492,'Vibrant Model Wave',26,19.8,22)
,(493,'Wholesome Element Fusion',22,12.78,14)
,(494,'Tantalizing Package Unit',9,19.73,15)
,(495,'Remarkable Architecture Peak',16,17.08,22)
,(496,'Kinetic Formation Key',4,16.29,26)
,(497,'Yummy Framework Network',32,15.76,7)
,(498,'Wondrous Blueprint Track',33,15.44,19)
,(499,'Uplifting Scheme Nest',11,16.81,3)
,(500,'Zany Service Point',27,14.45,26);
INSERT INTO product(id,name,category_id,price,quantity) VALUES
 (501,'Optimistic Compendium Shift',12,17.6,25)
,(502,'Wholesome Engine Apex',5,15.95,21)
,(503,'Zappy Construction Tribe',18,19.42,25)
,(504,'Zany Catalog Peak',19,17.62,7)
,(505,'Energizing Paradigm Roadmap',5,13.7,24)
,(506,'Dazzling Element Flow',27,13.22,7)
,(507,'Zesty Kit Portal',29,18.64,20)
,(508,'Flamboyant Selection Prime',11,13.62,8)
,(509,'Dreamy Apparatus Guide',6,16.83,12)
,(510,'Courageous Innovation Trace',22,16.9,14)
,(511,'Optimistic Creation Reach',10,12.31,13)
,(512,'Passionate Model Vibe',24,12.93,2)
,(513,'Perfect Set Ultra',31,17.35,21)
,(514,'Charming Structure Gear',24,17.1,14)
,(515,'Playful Selection Link',23,14.17,19)
,(516,'Energizing Docket Nest',21,19.12,6)
,(517,'Wondrous Platform Boost',8,13.19,16)
,(518,'Keen Interface Reach',13,14,12)
,(519,'Open Experience Rover',22,17.47,8)
,(520,'Adventurous Paradigm Rover',27,14.41,15);
INSERT INTO product(id,name,category_id,price,quantity) VALUES
 (521,'Passionate Repository Nest',19,14.6,11)
,(522,'Revitalizing Scheme Link',19,15.44,14)
,(523,'Uplifting Framework Channel',1,13.92,2)
,(524,'Courageous Compendium Unit',20,17.13,3)
,(525,'Revitalizing Inventory Sphere',14,15.22,16)
,(526,'Innovative Blueprint Zone',8,12.95,5)
,(527,'Magnificent Lineup Nest',10,12.41,20)
,(528,'Delightful Mechanism Trace',20,13.73,9)
,(529,'Unforgettable Initiative Circuit',22,12.87,16)
,(530,'Terrific Package Point',12,15.46,21)
,(531,'Zappy Innovation Circuit',31,13.34,4)
,(532,'Innovative Ensemble Gear',16,13.3,8)
,(533,'Dreamy Scheme Smart',28,14.94,3)
,(534,'Thrilling Architecture Circuit',17,17.1,23)
,(535,'Charming Package Max',18,14.47,13)
,(536,'Joyful Array Clutch',28,17.5,14)
,(537,'Playful Project Wave',1,14.26,24)
,(538,'Mystical Digest Apex',21,19.7,25)
,(539,'Magnificent Asset 360',11,15.46,19)
,(540,'Radiant Mechanism Pinnacle',34,19.64,10);
INSERT INTO product(id,name,category_id,price,quantity) VALUES
 (541,'Outstanding Archives Arc',26,15.74,14)
,(542,'Perfect Device Ultra',35,15.87,10)
,(543,'Limitless File Vision',23,15.05,24)
,(544,'Nurturing Project Nest',33,17.76,13)
,(545,'Dynamic Formation Arc',6,14.77,9)
,(546,'Wholesome Concept Line',12,14.1,11)
,(547,'Unforgettable Assortment Vibe',11,13.31,22)
,(548,'Nifty Package Matrix',10,18.54,26)
,(549,'Uplifting Resource Portal',1,13.51,11)
,(550,'Inspiring Device Zone',10,18.81,20)
,(551,'Quick Portfolio X',12,19.95,23)
,(552,'Tantalizing Collection Apex',31,13.19,23)
,(553,'Majestic Paradigm Vault',5,15.32,25)
,(554,'Brilliant Concept Scout',28,14.92,23)
,(555,'Playful Repository Prime',9,18.82,15)
,(556,'Genuine Model Path',24,12.64,22)
,(557,'Outstanding Record Ultra',6,17,5)
,(558,'Revitalizing System Unit',28,19.34,19)
,(559,'Vibrant Docket Clutch',35,17.02,12)
,(560,'Wondrous Element Apex',30,19.45,18);
INSERT INTO product(id,name,category_id,price,quantity) VALUES
 (561,'Kinetic Concept Line',22,16.46,3)
,(562,'Bold Framework 2.0',20,18.33,7)
,(563,'Nifty Platform Guide',17,16.35,2)
,(564,'Zappy Innovation Tribe',5,12.76,9)
,(565,'Kind Project Shift',2,12.02,11)
,(566,'Radiant Platform Point',3,17.4,24)
,(567,'Unforgettable Package Nest',36,14.1,17)
,(568,'Impressive Mechanism Reach',29,15.71,1)
,(569,'Outstanding Interface Fusion',16,18.07,14)
,(570,'Zesty Process Base',19,13.9,4)
,(571,'Playful System Sync',25,13.43,5)
,(572,'Quixotic Assortment Track',34,14.91,23)
,(573,'Magical Design Source',32,14.17,14)
,(574,'Gorgeous Bundle Smart',6,18.62,23)
,(575,'Fantastic Paradigm Nest',12,15.67,14)
,(576,'Innovative Resource Point',20,12.66,1)
,(577,'Brilliant Instrument Guide',11,15.66,9)
,(578,'Nurturing Blueprint X',15,19.41,12)
,(579,'Brisk Package Portal',16,14.17,8)
,(580,'Delightful Inventory Fusion',27,19.76,25);
INSERT INTO product(id,name,category_id,price,quantity) VALUES
 (581,'Passionate Concept Flow',32,16.04,9)
,(582,'Adventurous Solution Tribe',3,17.44,12)
,(583,'Brilliant Paradigm Apex',8,17,9)
,(584,'Adventurous Utility Peak',21,12.89,2)
,(585,'Fearless Platform Nest',25,13.54,6)
,(586,'Magical Scheme Nest',29,12.27,20)
,(587,'Brilliant Mechanism Sphere',14,15.09,6)
,(588,'Heavenly Collection Sync',35,16.11,24)
,(589,'Tantalizing Element Sync',10,16.2,23)
,(590,'Unforgettable Formation Connect',22,13.91,4)
,(591,'Happy Utility Roadmap',4,14.9,18)
,(592,'Yummy Digest Boost',24,18.47,20)
,(593,'Genuine Specification Unit',5,14.05,16)
,(594,'Charming Solution Bridge',13,14.08,23)
,(595,'Jubilant Innovation Base',6,15.48,2)
,(596,'Unique Framework Nest',30,12.42,6)
,(597,'Adventurous Arrangement Arc',21,15.74,12)
,(598,'Thrilling Resource Spark',11,13.11,2)
,(599,'Xtraordinary Architecture Unit',14,17.49,6)
,(600,'Amazing Inventory Edge',18,19.49,7);
INSERT INTO product(id,name,category_id,price,quantity) VALUES
 (601,'Optimistic Framework Base',15,12.03,14)
,(602,'Whimsical Utility Vibe',32,19.33,8)
,(603,'Fabulous Scheme Point',22,12.5,20)
,(604,'Gorgeous Catalog Scout',23,16.29,21)
,(605,'Zesty Digest Pinnacle',24,16.08,5)
,(606,'Exuberant Platform Zone',25,17.83,26)
,(607,'Joyful Innovation Path',7,13.58,19)
,(608,'Youthful Package Connect',7,15.61,26)
,(609,'Flamboyant Widget Point',26,17.74,9)
,(610,'Majestic Paradigm Connect',12,19.04,24)
,(611,'Youthful System Tribe',3,15.2,19)
,(612,'Perfect Concept Nest',23,13.94,24)
,(613,'Quick Repository Vibe',33,15.81,22)
,(614,'Outstanding Series Pro',13,17.16,18)
,(615,'Open Instrument Nest',10,15.17,19)
,(616,'Keen Kit Stream',24,18.81,18)
,(617,'Kind Inventory Focus',15,18.37,7)
,(618,'Delightful Platform Blaze',27,18.82,6)
,(619,'Zany Framework Guide',34,12.23,26)
,(620,'Jazzy Asset Key',7,19.08,19);
INSERT INTO product(id,name,category_id,price,quantity) VALUES
 (621,'Dynamic Design Guide',6,18.82,2)
,(622,'Whimsical Widget Unit',7,19.25,23)
,(623,'Captivating Process Edge',34,16.33,15)
,(624,'Yummy Digest Plus',9,20,2)
,(625,'Exuberant Concept Arc',27,19.98,23)
,(626,'Graceful Scheme Source',36,12.47,1)
,(627,'Youthful Mechanism Flow',24,12.04,13)
,(628,'Graceful Library Matrix',32,15.44,16)
,(629,'Remarkable Operation Max',26,18.03,12)
,(630,'Playful Artifact Reach',10,13.77,10)
,(631,'Gleeful Assortment Link',8,19.13,20)
,(632,'Kind Selection Drive',6,17.05,7)
,(633,'Jazzy Initiative Pulse',29,15.28,23)
,(634,'Incredible Gadget Network',3,13.4,7)
,(635,'Unique Gadget One',22,17.97,21)
,(636,'Impressive Construction Ring',9,19.48,17)
,(637,'Creative Digest Network',13,18.1,2)
,(638,'Stylish Structure Neo',4,16.23,22)
,(639,'Charming Solution Gear',16,15.57,22)
,(640,'Captivating Archives Hub',3,15.44,12);
INSERT INTO product(id,name,category_id,price,quantity) VALUES
 (641,'Bubbly Selection Connect',19,12.72,9)
,(642,'Adventurous Project Edge',10,19.32,9)
,(643,'Quaint Asset Hub',32,16.91,5)
,(644,'Xenial Solution Ultra',34,16.36,16)
,(645,'Gorgeous Specification Edge',7,15.48,24)
,(646,'Fantastic Selection Circuit',21,14.89,11)
,(647,'Bold File 2.0',33,18.93,24)
,(648,'Radiant Scheme Arc',17,17.11,12)
,(649,'Jolly Scheme Connect',35,19.37,11)
,(650,'Fearless Creation Pulse',3,17.05,9)
,(651,'Happy File Nest',23,19.06,21)
,(652,'Elegant Item Track',36,15.64,17)
,(653,'Tantalizing Strategy 360',16,13.41,17)
,(654,'Noteworthy Concept Network',5,17.85,7)
,(655,'Vivacious Arrangement Max',2,18.92,8)
,(656,'Youthful Initiative Plus',22,13.52,19)
,(657,'Outstanding Concept Spark',8,13.89,12)
,(658,'Optimistic Formation Sync',26,16.58,20)
,(659,'Cool Project 360',19,14.42,8)
,(660,'Dazzling Item Nest',13,17.75,2);
INSERT INTO product(id,name,category_id,price,quantity) VALUES
 (661,'Xtraordinary Set Quest',34,18.01,13)
,(662,'Genuine Innovation Lite',36,13.73,25)
,(663,'Magical Collection Wave',24,12.11,14)
,(664,'Zesty Composition Roadmap',19,12.11,2)
,(665,'Vivid Package Neo',24,12.7,10)
,(666,'Dynamic Widget Clutch',26,16.57,23)
,(667,'Stylish Framework Edge',34,13.13,14)
,(668,'Gleeful System Zone',25,15.68,12)
,(669,'Captivating Project Rover',10,17.45,22)
,(670,'Uplifting Program Vision',18,17.31,18)
,(671,'Youthful Experience Shift',10,15.87,2)
,(672,'Quirky Assortment Nest',3,15.52,9)
,(673,'Zany Service Nest',36,18.13,13)
,(674,'Exuberant System Shift',27,14.67,22)
,(675,'Keen Engine Bridge',5,12.81,24)
,(676,'Radiant Creation Aura',22,13.19,15)
,(677,'Yummy Formation Stream',16,18.73,13)
,(678,'Vivid Apparatus Max',31,12.11,6)
,(679,'Jazzy Element Pulse',26,14.62,10)
,(680,'Lovely System Pinnacle',1,18.92,18);
INSERT INTO product(id,name,category_id,price,quantity) VALUES
 (681,'Mystical Digest Wave',17,17.52,15)
,(682,'Quixotic Asset Source',31,16.12,26)
,(683,'Vibrant Structure Pulse',23,15.61,3)
,(684,'Courageous Compendium Scout',11,14.35,14)
,(685,'Zany Architecture Track',31,18.64,11)
,(686,'Elegant Service Vision',2,14.31,22)
,(687,'Fantastic Initiative Connect',27,18.72,8)
,(688,'Mystical Application Fusion',23,16.45,10)
,(689,'Quick Archives Vibe',14,13.91,3)
,(690,'Outstanding Network Reach',5,15.87,12)
,(691,'Zealous Product Prime',28,15.23,15)
,(692,'Vivacious Bundle Pinnacle',6,13.72,10)
,(693,'Dynamic Database Apex',35,12.7,21)
,(694,'Remarkable Technology Flow',5,17.15,24)
,(695,'Remarkable Inventory Drive',1,17.65,17)
,(696,'Fantastic Concept Track',14,16.04,9)
,(697,'Bubbly Mechanism Launch',30,13.85,16)
,(698,'Lively Widget Reach',12,17.58,7)
,(699,'Bold Compendium Point',7,14.2,22)
,(700,'Mystical Series One',2,12.51,8);
INSERT INTO product(id,name,category_id,price,quantity) VALUES
 (701,'Radiating Design Circuit',36,14.89,16)
,(702,'Vivacious Plan Ring',4,18.58,20)
,(703,'Delightful Solution Quest',11,13.82,1)
,(704,'Effervescent Kit 2.0',18,16.35,2)
,(705,'Zesty System Rover',15,16.35,1)
,(706,'Zesty Innovation Drive',11,19.03,10)
,(707,'Revitalizing System Wave',14,19.91,20)
,(708,'Youthful Innovation Neo',22,19.99,26)
,(709,'Quirky Lineup Vision',15,16.37,9)
,(710,'Majestic Architecture Shift',21,17.31,22)
,(711,'Gleeful Apparatus Glide',20,13.98,26)
,(712,'Unforgettable Assortment X',13,16.94,1)
,(713,'Xenial Concept Prime',16,12.77,7)
,(714,'Dynamic Item Unit',11,12.91,6)
,(715,'Fabulous Archives Pulse',14,16.9,6)
,(716,'Youthful Register Link',31,17.43,25)
,(717,'Magnificent Composition Fusion',1,15.42,2)
,(718,'Keen Construction Unit',5,15.19,22)
,(719,'Kind Operation Connect',26,15.88,2)
,(720,'Unique Design Flow',26,15.84,20);
INSERT INTO product(id,name,category_id,price,quantity) VALUES
 (721,'Stylish Process Nest',26,17.85,15)
,(722,'Stylish Experience Shift',3,18.66,23)
,(723,'Graceful Experience Line',8,16.28,25)
,(724,'Revitalizing Solution Bridge',18,15.07,19)
,(725,'Incredible File Trace',9,18.68,10)
,(726,'Delightful Innovation Key',19,16.3,3)
,(727,'Mystical Solution Source',27,17.55,20)
,(728,'Zealous Construction Pro',28,13.74,22)
,(729,'Genuine Inventory 360',22,18.14,20)
,(730,'Radiating Cluster Nest',34,15.95,11)
,(731,'Vibrant Project Portal',23,14.1,10)
,(732,'Fantastic Network Unit',29,19.65,25)
,(733,'Unforgettable System Key',17,18.95,12)
,(734,'Uplifting Resource Plus',24,18.36,4)
,(735,'Xenial Artifact Spark',24,14.33,18)
,(736,'Unique Operation 2.0',4,19.59,1)
,(737,'Terrific Utility Flow',16,15,20)
,(738,'Exuberant Concept Network',20,19.12,2)
,(739,'Inspiring Series Network',32,18.65,26)
,(740,'Quirky Instrument Track',1,17.58,25);
INSERT INTO product(id,name,category_id,price,quantity) VALUES
 (741,'Uplifting Docket Circuit',4,15.46,13)
,(742,'Vigorous Entity Link',12,14.21,16)
,(743,'Fabulous Package Flow',9,19.25,16)
,(744,'Genuine Concept Connect',35,14.52,8)
,(745,'Fantastic Apparatus Boost',2,12.24,22)
,(746,'Jubilant Arrangement Prime',22,16.69,4)
,(747,'Magical Specification Nest',6,17.72,1)
,(748,'Elegant Plan One',9,12.11,21)
,(749,'Dreamy Ensemble Source',32,13.69,6)
,(750,'Outstanding Application Apex',5,17.77,9)
,(751,'Noble Paradigm Track',17,16.63,13)
,(752,'Sincere Technology Path',16,19.23,23)
,(753,'Unforgettable Creation Trace',27,16.06,10)
,(754,'Mystical Digest Tribe',11,18.82,7)
,(755,'Vigorous Gadget Smart',32,18.38,4)
,(756,'Open Concept Launch',16,15.6,16)
,(757,'Open Cluster Neo',7,17.01,18)
,(758,'Sensational Digest Vision',36,19.41,15)
,(759,'Tantalizing System Sphere',11,13.33,4)
,(760,'Gleeful Scheme Network',36,13.62,5);
INSERT INTO product(id,name,category_id,price,quantity) VALUES
 (761,'Exuberant Package Nest',28,12.71,19)
,(762,'Vivid Composition X',20,13.43,24)
,(763,'Dazzling Experience Ultra',8,17.79,14)
,(764,'Stylish Resource Flow',35,12.79,20)
,(765,'Brilliant Technology Source',30,12.64,3)
,(766,'Energizing Model Max',30,13.75,18)
,(767,'Kind Digest Link',35,13.66,19)
,(768,'Adventurous Interface Track',35,19.45,16)
,(769,'Playful Record Glide',16,19.38,6)
,(770,'Vivid Bundle Unit',18,16.14,24)
,(771,'Terrific Instrument Plus',17,13.48,22)
,(772,'Witty Inventory 360',36,14.17,1)
,(773,'Awesome Program Quest',29,18.16,5)
,(774,'Creative Directory Elite',10,15.02,1)
,(775,'Charming Venture Launch',25,16.03,23)
,(776,'Optimistic Process One',11,19.53,7)
,(777,'Witty Process Pulse',26,17.5,25)
,(778,'Adventurous Array Edge',32,14.27,7)
,(779,'Remarkable Venture Arc',2,17.97,5)
,(780,'Xenial Selection Spark',34,17.63,5);
INSERT INTO product(id,name,category_id,price,quantity) VALUES
 (781,'Uplifting Device Nest',20,19.13,21)
,(782,'Uplifting Project Focus',36,19.51,2)
,(783,'Fantastic Venture Reach',23,16.47,20)
,(784,'Sassy Compendium Matrix',10,15.37,26)
,(785,'Delightful Series Flow',16,15.9,6)
,(786,'Perfect Architecture Tribe',34,12.21,26)
,(787,'Cool Item Source',5,16.14,14)
,(788,'Jolly Digest Network',12,12.29,9)
,(789,'Uplifting Digest Wave',21,13.88,10)
,(790,'Vibrant Library Ultra',35,19.91,9)
,(791,'Outstanding Technology Wave',33,12.61,2)
,(792,'Brisk Concept One',27,12.05,2)
,(793,'Zesty System Line',18,16.33,22)
,(794,'Brilliant Composition Sync',13,19.02,12)
,(795,'Sassy Inventory Sync',21,15.29,25)
,(796,'Nifty Module Wave',17,14.58,7)
,(797,'Zany Kit Pro',9,13.1,25)
,(798,'Inspiring Interface Track',23,12.98,23)
,(799,'Heavenly Product Connect',6,19.89,6)
,(800,'Genuine Plan Roadmap',18,15.83,19);
INSERT INTO product(id,name,category_id,price,quantity) VALUES
 (801,'Luminous Series Pulse',9,15.94,15)
,(802,'Whimsical Apparatus Pinnacle',35,17.67,11)
,(803,'Trendy Program Vault',35,15.86,21)
,(804,'Unique Series Edge',34,12.92,15)
,(805,'Unforgettable Platform Glide',1,19.88,12)
,(806,'Majestic Apparatus Arc',17,13.53,2)
,(807,'Innovative Service Drive',24,16.96,23)
,(808,'Uplifting System Shift',4,12.22,24)
,(809,'Terrific Specification Unit',4,16.53,12)
,(810,'Uplifting System Neo',6,18.6,3)
,(811,'Impressive Platform Edge',3,12.29,9)
,(812,'Quick Assortment Track',2,18.04,25)
,(813,'Dazzling Module Nest',12,16.82,2)
,(814,'Energizing Tool Gear',32,13.68,24)
,(815,'Mystical Register Pinnacle',27,14.3,25)
,(816,'Fantastic Package Flow',25,20,24)
,(817,'Wholesome Solution Apex',12,12.49,9)
,(818,'Gleeful Engine Glide',1,17.14,19)
,(819,'Optimistic Archives Base',35,14.06,11)
,(820,'Witty Application Vault',11,13.89,7);
INSERT INTO product(id,name,category_id,price,quantity) VALUES
 (821,'Revitalizing Selection Connect',29,15.78,3)
,(822,'Delightful Library 360',14,13.37,20)
,(823,'Zesty Register Zone',35,12.68,2)
,(824,'Unforgettable Concept Key',1,17.87,20)
,(825,'Brilliant Platform Rover',22,17.15,8)
,(826,'Creative Artifact Aura',27,15.89,9)
,(827,'Vibrant Catalog Lite',31,14.93,13)
,(828,'Keen Ensemble Roadmap',20,16.19,12)
,(829,'Sensational Kit Circuit',15,13.58,6)
,(830,'Remarkable Tool Tribe',14,15.62,7)
,(831,'Gleeful Assortment Aura',34,12.67,15)
,(832,'Yummy Bundle Guide',32,13.47,21)
,(833,'Optimistic Technology Vault',25,14.92,5)
,(834,'Open Item Sync',31,13.91,7)
,(835,'Majestic Product Rover',5,17.6,14)
,(836,'Impressive Structure Bridge',21,16.99,24)
,(837,'Astounding Package Track',12,12.3,14)
,(838,'Passionate Ensemble Source',21,13.44,7)
,(839,'Remarkable Project Rover',14,14.84,25)
,(840,'Kooky Product Lite',15,16.82,10);
INSERT INTO product(id,name,category_id,price,quantity) VALUES
 (841,'Luminous Package Wave',2,18.69,19)
,(842,'Zany Solution Unit',23,16.69,25)
,(843,'Optimistic Docket Quest',9,19.18,14)
,(844,'Creative Scheme Line',32,12.65,3)
,(845,'Genuine Resource Edge',35,14.39,8)
,(846,'Mystical Technology Key',1,15.93,22)
,(847,'Courageous Project Circuit',24,15.32,17)
,(848,'Luminous Series Ring',1,13.22,21)
,(849,'Innovative Bundle Circuit',24,17.08,15)
,(850,'Incredible Resource Edge',13,14.86,24)
,(851,'Gorgeous Strategy Trace',18,14.89,16)
,(852,'Terrific Device Lite',16,18.33,7)
,(853,'Majestic Technology Roadmap',30,19.77,8)
,(854,'Noteworthy Cluster Link',15,14.39,17)
,(855,'Optimistic File Trace',5,16.69,8)
,(856,'Zealous Engine Blaze',1,13.9,19)
,(857,'Fantastic Network 360',10,13.25,4)
,(858,'Passionate Design Tribe',32,15.07,7)
,(859,'Kooky Application Rover',8,15.47,15)
,(860,'Astounding Project Stream',34,17.74,9);
INSERT INTO product(id,name,category_id,price,quantity) VALUES
 (861,'Uplifting Selection Circuit',11,17.37,19)
,(862,'Optimistic Solution X',16,17.37,22)
,(863,'Unforgettable Utility Ultra',7,16.39,18)
,(864,'Trendy Interface Channel',3,13.89,25)
,(865,'Wholesome Register Shift',5,17.18,11)
,(866,'Fabulous Interface Vibe',30,14.51,14)
,(867,'Terrific Service Rover',31,20,4)
,(868,'Youthful Array Pinnacle',24,19.51,22)
,(869,'Fantastic Project Flow',26,19.39,23)
,(870,'Fantastic Project Gear',30,19,18)
,(871,'Youthful Artifact Wave',3,12.44,17)
,(872,'Uplifting Venture Boost',36,18.21,14)
,(873,'Fearless Kit Smart',35,19.41,6)
,(874,'Bubbly Repository Reach',22,14.54,11)
,(875,'Quirky Solution Key',24,12.12,12)
,(876,'Zappy Project Shift',23,16.84,12)
,(877,'Xtraordinary Archives Aura',5,16.06,22)
,(878,'Kind Mechanism Point',29,12,18)
,(879,'Fearless Creation Channel',2,13.4,24)
,(880,'Incredible Interface Circuit',9,18.19,22);
INSERT INTO product(id,name,category_id,price,quantity) VALUES
 (881,'Playful Paradigm Focus',23,17.77,24)
,(882,'Bold Entity Edge',5,12.14,21)
,(883,'Dreamy Operation Reach',1,13.03,13)
,(884,'Magical Operation Prime',17,19.21,8)
,(885,'Innovative Collection Sync',33,14.13,16)
,(886,'Xtraordinary Library One',21,15.45,15)
,(887,'Vivid Widget 2.0',28,18,12)
,(888,'Creative Selection Flow',27,15.57,15)
,(889,'Gorgeous System Drive',13,14.79,25)
,(890,'Sassy Lineup Sphere',4,14.1,16)
,(891,'Mystical Paradigm Guide',17,15.02,25)
,(892,'Kinetic Package Drive',18,18.46,14)
,(893,'Xenial System Path',3,13.5,17)
,(894,'Radiant Network Edge',14,14.9,22)
,(895,'Luminous Package Edge',9,18.96,25)
,(896,'Vivid Project Blaze',8,14,12)
,(897,'Perfect Library Zone',31,15.69,19)
,(898,'Optimistic Artifact Reach',31,19.06,21)
,(899,'Harmonious Construction Reach',1,19.39,13)
,(900,'Happy Framework Channel',35,17.82,20);
INSERT INTO product(id,name,category_id,price,quantity) VALUES
 (901,'Noteworthy Arrangement Focus',17,15.97,18)
,(902,'Dreamy Catalog Spark',28,17.29,24)
,(903,'Optimistic Database Link',32,14.82,11)
,(904,'Noble Register Key',8,18.49,21)
,(905,'Yummy Arrangement Spark',22,15.34,26)
,(906,'Impressive Package Plus',26,17.67,25)
,(907,'Open Composition Channel',10,13.79,9)
,(908,'Charming Strategy Fusion',33,14.55,11)
,(909,'Youthful Framework 360',9,13.27,15)
,(910,'Unique Compendium Rover',20,19.67,9)
,(911,'Lively Innovation Wave',32,19.22,20)
,(912,'Optimistic Initiative X',15,14.76,3)
,(913,'Astounding Application Line',17,19.07,21)
,(914,'Zany Solution Line',28,12.92,20)
,(915,'Creative Cluster Wave',21,14.24,8)
,(916,'Cool Widget Arc',21,18.78,2)
,(917,'Quaint Lineup Spark',13,18,6)
,(918,'Trendy Project Glide',16,15.18,10)
,(919,'Kind Selection Blaze',21,17.8,21)
,(920,'Stylish Widget Wave',14,17.03,5);
INSERT INTO product(id,name,category_id,price,quantity) VALUES
 (921,'Zealous Catalog Spark',26,16.39,8)
,(922,'Xtraordinary Framework Link',1,12.23,6)
,(923,'Unique Arrangement Scout',7,18.46,18)
,(924,'Awesome Network Base',21,13.53,18)
,(925,'Passionate Structure Glide',31,19.58,1)
,(926,'Zealous Set Wave',25,16.99,16)
,(927,'Zany Structure Portal',10,15.46,5)
,(928,'Vivid Operation Drive',29,18.23,1)
,(929,'Inspiring Database Nest',13,15.54,3)
,(930,'Gleeful Package Nest',12,13.6,25)
,(931,'Vivacious System 2.0',35,12.68,23)
,(932,'Amazing Architecture Drive',14,14.59,26)
,(933,'Noteworthy Resource Line',27,12.65,22)
,(934,'Outstanding Widget Cloud',15,17.36,13)
,(935,'Kind Initiative Roadmap',4,14.88,17)
,(936,'Astounding Set Circuit',12,19.71,13)
,(937,'Noble Solution Glide',25,17.96,14)
,(938,'Keen Library Launch',26,19.5,13)
,(939,'Brisk Interface Key',27,12.68,20)
,(940,'Kind Solution Fusion',21,19.07,4);
INSERT INTO product(id,name,category_id,price,quantity) VALUES
 (941,'Exuberant Initiative Path',34,14.44,19)
,(942,'Adventurous Array Arc',35,15.05,24)
,(943,'Zesty Record Pro',1,12.84,19)
,(944,'Gorgeous Tool Track',17,19.88,22)
,(945,'Open Compendium Zone',12,14.05,3)
,(946,'Sensational System Reach',3,15.32,21)
,(947,'Dynamic Selection Cloud',5,14.52,20)
,(948,'Whimsical Network Pinnacle',35,17.91,1)
,(949,'Yummy Array Point',27,14.35,18)
,(950,'Uplifting Instrument Edge',11,18.29,19)
,(951,'Youthful Initiative Flow',16,19.71,24)
,(952,'Kind Platform Nest',23,12.71,25)
,(953,'Brilliant Widget Ring',16,15.56,3)
,(954,'Harmonious Program Roadmap',36,19.59,22)
,(955,'Open Inventory Link',7,14.81,13)
,(956,'Radiant Design Sync',24,19.7,12)
,(957,'Gorgeous Tool Aura',9,14.93,11)
,(958,'Charming Product Nest',28,18.03,24)
,(959,'Harmonious Catalog 2.0',30,16.55,26)
,(960,'Vivacious Specification Point',22,19.39,3);
INSERT INTO product(id,name,category_id,price,quantity) VALUES
 (961,'Sassy Gadget Neo',9,12.93,2)
,(962,'Tantalizing Module Tribe',5,14.49,19)
,(963,'Bubbly System Arc',22,15.53,18)
,(964,'Unforgettable Assortment Nest',11,12.25,5)
,(965,'Energizing Engine Base',6,17.49,19)
,(966,'Energizing Ensemble Roadmap',10,18.86,26)
,(967,'Cool Construction Scout',7,13,20)
,(968,'Keen Gadget Ultra',5,19.37,17)
,(969,'Gleeful Repository Aura',3,18.37,6)
,(970,'Charming Scheme Source',16,19.5,15)
,(971,'Brilliant Project Vibe',11,18.21,5)
,(972,'Elegant Architecture Guide',11,15.38,13)
,(973,'Dazzling Assortment Cloud',33,12.72,2)
,(974,'Brisk Library Pro',2,12.96,21)
,(975,'Bubbly Cluster Elite',6,17.95,2)
,(976,'Harmonious Tool Trace',25,14.59,2)
,(977,'Outstanding Design Sphere',27,19.33,10)
,(978,'Magical Library Fusion',29,12.78,13)
,(979,'Remarkable Cluster Blaze',28,13.88,20)
,(980,'Quixotic Framework Pulse',21,13.78,26);
INSERT INTO product(id,name,category_id,price,quantity) VALUES
 (981,'Elegant Engine Wave',33,13.48,25)
,(982,'Terrific Directory Shift',1,17.91,25)
,(983,'Nurturing System Rover',25,18.35,25)
,(984,'Tantalizing Tool Ultra',29,12.18,5)
,(985,'Lively Program Base',7,19.08,24)
,(986,'Inspiring System Flow',7,13.54,17)
,(987,'Zesty Assortment Edge',6,16.81,22)
,(988,'Amazing Process Pinnacle',3,19.9,4)
,(989,'Magnificent Register Pinnacle',21,16.71,4)
,(990,'Playful Architecture Focus',33,12.21,19)
,(991,'Sincere Series Vibe',13,15.38,2)
,(992,'Flamboyant Compendium Max',20,18.19,26)
,(993,'Brilliant Structure Connect',13,16.77,2)
,(994,'Courageous Library Base',13,16.62,23)
,(995,'Majestic Kit Launch',8,19.73,26)
,(996,'Magnificent Cluster Clutch',7,17.49,21)
,(997,'Captivating Venture Tribe',13,15.04,17)
,(998,'Energizing Mechanism Plus',8,18.17,21)
,(999,'Perfect Design Base',6,19.86,22)
,(1000,'Impressive Ensemble Unit',18,15.83,14);
INSERT INTO product(id,name,category_id,price,quantity) VALUES
 (1001,'Zany Docket Hub',30,15.41,3)
,(1002,'Gleeful File One',8,15.14,13)
,(1003,'Gleeful Database One',17,15.58,5)
,(1004,'Astounding Program Peak',30,14.75,14)
,(1005,'Innovative Construction Track',7,14.91,7)
,(1006,'Quixotic Tool Apex',27,17.39,8)
,(1007,'Jubilant Strategy Connect',7,15.35,10)
,(1008,'Zesty System Focus',26,17.3,4)
,(1009,'Lively Construction Blaze',10,19.08,6)
,(1010,'Youthful Concept Elite',2,16.68,26)
,(1011,'Dreamy Operation 360',1,15.4,24)
,(1012,'Unforgettable Product Cloud',29,15.54,21)
,(1013,'Amazing Utility Aura',9,16.94,5)
,(1014,'Elegant Directory Clutch',21,12.04,15)
,(1015,'Nurturing Library Elite',26,18.67,22)
,(1016,'Brilliant Scheme Shift',5,14.41,6)
,(1017,'Genuine Digest Source',18,16.96,14)
,(1018,'Wondrous Scheme Lite',31,17.12,18)
,(1019,'Sensational Archives Trace',29,15.18,10)
,(1020,'Bubbly Creation Gear',4,16.13,16);
INSERT INTO product(id,name,category_id,price,quantity) VALUES
 (1021,'Outstanding Arrangement Neo',20,15.46,8)
,(1022,'Sassy Technology Channel',24,19.96,15)
,(1023,'Fearless Project Edge',15,14.56,25)
,(1024,'Yummy Series Peak',15,18.1,18)
,(1025,'Unforgettable Scheme Wave',7,16.2,20)
,(1026,'Vigorous Kit Plus',4,13.38,5)
,(1027,'Fantastic Application Track',17,12.33,22)
,(1028,'Brilliant Model Bridge',34,17.11,3)
,(1029,'Kooky Architecture Elite',24,16.58,18)
,(1030,'Astounding Inventory Roadmap',21,12.31,23)
,(1031,'Gorgeous Technology Bridge',4,13.14,22)
,(1032,'Zany Technology Smart',14,20,26)
,(1033,'Xtraordinary File Core',12,16.12,3)
,(1034,'Astounding Bundle Vision',27,16.21,15)
,(1035,'Dreamy Blueprint One',36,19.28,24)
,(1036,'Yummy Blueprint Launch',15,15.85,7)
,(1037,'Quick Directory Clutch',24,19.19,1)
,(1038,'Magnificent Concept Wave',36,19.72,8)
,(1039,'Sassy Concept Track',34,18.26,1)
,(1040,'Vibrant Asset Circuit',31,15.03,24);
INSERT INTO product(id,name,category_id,price,quantity) VALUES
 (1041,'Joyful Package Flow',31,15.61,15)
,(1042,'Cool Database Boost',4,19.84,11)
,(1043,'Xenial Module One',16,15.77,4)
,(1044,'Jazzy Repository One',3,19.3,17)
,(1045,'Youthful Arrangement Vault',27,16.71,25)
,(1046,'Playful Database Sphere',14,16.19,3)
,(1047,'Sassy Library Edge',22,18.84,21)
,(1048,'Impressive Artifact Aura',17,14.28,1)
,(1049,'Youthful Network Nest',34,18.94,10)
,(1050,'Optimistic Paradigm Blaze',26,19.42,3)
,(1051,'Lively Design Pro',29,14.99,18)
,(1052,'Fabulous Plan Sync',2,18.56,1)
,(1053,'Bold Concept Apex',27,16.43,13)
,(1054,'Impressive Service Channel',34,15.99,2)
,(1055,'Keen Network X',31,19.68,7)
,(1056,'Noble Framework Arc',10,19.86,13)
,(1057,'Quaint Device Sphere',5,15.45,19)
,(1058,'Radiating Utility Lite',34,13.86,4)
,(1059,'Vigorous Framework Bridge',8,18.58,12)
,(1060,'Fearless Portfolio Vault',14,14.93,3);
INSERT INTO product(id,name,category_id,price,quantity) VALUES
 (1061,'Stylish Instrument Flow',35,13.65,2)
,(1062,'Vibrant Creation Sync',35,17.44,26)
,(1063,'Thrilling Archives Track',28,15.58,15)
,(1064,'Mystical Model Sync',20,18.08,6)
,(1065,'Vigorous Framework X',14,13.78,22)
,(1066,'Passionate Interface Circuit',23,15.96,24)
,(1067,'Yummy Package Tribe',30,14.18,15)
,(1068,'Wholesome Device Channel',19,13.84,13)
,(1069,'Flamboyant Series Point',20,13.83,5)
,(1070,'Terrific Resource Link',26,19.48,16)
,(1071,'Sincere Digest Circuit',29,18,22)
,(1072,'Luminous Plan Cloud',13,14.84,6)
,(1073,'Radiating Catalog Pinnacle',35,16.23,5)
,(1074,'Sincere Module Gear',34,13.06,22)
,(1075,'Whimsical Innovation Pulse',21,14.26,12)
,(1076,'Mystical Device 2.0',2,18.18,5)
,(1077,'Wholesome Operation Base',25,16.15,15)
,(1078,'Jubilant Docket Peak',36,19.87,20)
,(1079,'Zesty Selection Nest',19,13.44,15)
,(1080,'Brisk Compendium Glide',15,17.77,17);
INSERT INTO product(id,name,category_id,price,quantity) VALUES
 (1081,'Wondrous Venture Aura',32,13.21,16)
,(1082,'Noble Application Track',3,15.42,24)
,(1083,'Whimsical Module Boost',34,15.76,8)
,(1084,'Dazzling Program 2.0',19,14.67,21)
,(1085,'Heavenly Ensemble Plus',11,15.09,12)
,(1086,'Luminous Interface Pinnacle',29,18.97,12)
,(1087,'Harmonious Artifact Track',2,16.99,5)
,(1088,'Quirky Framework 360',33,14.83,26)
,(1089,'Mystical Assortment Shift',33,15.64,18)
,(1090,'Optimistic Series Lite',31,17.89,10)
,(1091,'Effervescent Database Source',4,18.21,19)
,(1092,'Cool Creation Pulse',9,18.02,5)
,(1093,'Playful Archives Plus',28,19.33,3)
,(1094,'Lovely Construction Wave',22,12.42,15)
,(1095,'Kooky Project One',32,13.42,21)
,(1096,'Jolly Strategy Pinnacle',2,13.16,6)
,(1097,'Astounding Gadget One',25,12.85,2)
,(1098,'Jubilant Plan Focus',35,18.25,13)
,(1099,'Xenial Utility Matrix',36,17.98,19)
,(1100,'Quick Framework Spark',20,14.35,4);
INSERT INTO product(id,name,category_id,price,quantity) VALUES
 (1101,'Radiating Series Glide',28,18.96,16)
,(1102,'Joyful Docket Nest',23,19.07,14)
,(1103,'Kooky Cluster Point',34,13,8)
,(1104,'Flamboyant Formation Portal',33,14.07,10)
,(1105,'Bold Digest Elite',8,18.18,18)
,(1106,'Jolly System Glide',28,17.25,14)
,(1107,'Zappy Platform Nest',23,12.17,6)
,(1108,'Energizing Record Quest',28,17.34,13)
,(1109,'Optimistic Library Peak',10,14.29,2)
,(1110,'Incredible Operation Ring',4,13.04,21)
,(1111,'Xenial Interface Core',21,13.24,4)
,(1112,'Fearless Item Track',11,17.28,24)
,(1113,'Adventurous Utility Network',2,14.56,17)
,(1114,'Brilliant System Cloud',27,14.18,10)
,(1115,'Wholesome Compendium Edge',5,13.62,6)
,(1116,'Luminous Mechanism Shift',27,16.47,22)
,(1117,'Stylish Scheme Aura',36,19.24,15)
,(1118,'Adventurous Series Wave',1,13.96,20)
,(1119,'Optimistic Interface Pinnacle',30,14.71,13)
,(1120,'Incredible Lineup Sphere',32,15.35,7);
INSERT INTO product(id,name,category_id,price,quantity) VALUES
 (1121,'Creative Program Drive',30,16.8,3)
,(1122,'Quick Collection Ring',5,17.29,20)
,(1123,'Sincere Application Bridge',12,15.11,19)
,(1124,'Optimistic Ensemble Matrix',25,17.07,18)
,(1125,'Magical Framework Boost',19,15.79,4)
,(1126,'Amazing Kit 2.0',23,16.36,10)
,(1127,'Tantalizing Docket Ring',9,19.25,3)
,(1128,'Fabulous Package Aura',33,14.6,19)
,(1129,'Terrific Instrument Shift',11,15.72,26)
,(1130,'Exuberant Engine Portal',35,16.52,14)
,(1131,'Brisk Apparatus Pro',19,19.27,23)
,(1132,'Keen Kit Tribe',18,15.17,14)
,(1133,'Effervescent Gadget Vault',19,17.86,5)
,(1134,'Sensational Directory Vibe',14,17.42,15)
,(1135,'Elegant Engine Nest',36,17.18,8)
,(1136,'Youthful Venture Prime',18,17.15,3)
,(1137,'Courageous Widget Stream',16,15.37,20)
,(1138,'Noble Widget Scout',17,13.74,2)
,(1139,'Vigorous Widget 2.0',15,12.74,22)
,(1140,'Wondrous Record Hub',31,13.07,25);
INSERT INTO product(id,name,category_id,price,quantity) VALUES
 (1141,'Magical Element Channel',4,13.13,10)
,(1142,'Brisk Portfolio Smart',30,19.21,8)
,(1143,'Passionate Directory Wave',21,14.63,1)
,(1144,'Unforgettable Solution Gear',21,18.44,23)
,(1145,'Dreamy Portfolio Nest',1,17.26,7)
,(1146,'Zappy File Lite',6,14.94,8)
,(1147,'Nurturing Docket Base',4,14.94,4)
,(1148,'Zany Design Nest',17,12.16,21)
,(1149,'Genuine Blueprint Channel',13,19.5,12)
,(1150,'Lovely Set Core',13,14.71,1)
,(1151,'Xtraordinary Concept Pro',5,13.39,26)
,(1152,'Incredible Concept Apex',35,19.51,23)
,(1153,'Awesome Composition Guide',16,13.32,15)
,(1154,'Zappy Portfolio Track',35,18.52,10)
,(1155,'Uplifting Model Unit',18,18.66,6)
,(1156,'Flamboyant Record Wave',18,18.19,5)
,(1157,'Fearless Selection Edge',2,13.87,2)
,(1158,'Energizing Operation Connect',31,16.36,21)
,(1159,'Whimsical Device Vibe',32,13.64,5)
,(1160,'Joyful Project Plus',29,14.48,14);
INSERT INTO product(id,name,category_id,price,quantity) VALUES
 (1161,'Creative Program Channel',8,15.5,18)
,(1162,'Uplifting Formation Shift',33,12.62,13)
,(1163,'Unforgettable Series Nest',10,15.27,17)
,(1164,'Zany Portfolio Channel',14,13.09,8)
,(1165,'Stylish System Rover',36,19.79,1)
,(1166,'Noble Plan Glide',28,17.28,26)
,(1167,'Noble Item 360',6,17.62,22)
,(1168,'Dreamy Design Shift',20,14.67,23)
,(1169,'Tantalizing Program Vibe',28,13.71,26)
,(1170,'Zesty Composition Peak',35,13.51,8)
,(1171,'Revitalizing Lineup Matrix',2,14.53,17)
,(1172,'Zealous Application Reach',27,17.91,1)
,(1173,'Sassy System Ultra',28,15.88,15)
,(1174,'Delightful Paradigm Boost',7,15.93,18)
,(1175,'Awesome Utility Pro',5,15.98,19)
,(1176,'Charming Creation Vision',33,17.62,23)
,(1177,'Kinetic Venture Arc',16,16.26,6)
,(1178,'Limitless Specification Matrix',22,13.48,14)
,(1179,'Joyful Concept Reach',2,17.17,22)
,(1180,'Thrilling Program Spark',5,15.52,11);
INSERT INTO product(id,name,category_id,price,quantity) VALUES
 (1181,'Vivid System Spark',2,19.24,8)
,(1182,'Perfect Construction Link',11,14.71,16)
,(1183,'Jazzy Creation Matrix',22,15.08,4)
,(1184,'Majestic Library Focus',30,17.17,22)
,(1185,'Nurturing Item Connect',28,17.73,7)
,(1186,'Zappy Paradigm Focus',24,15.21,2)
,(1187,'Awesome Selection Nest',13,16.33,15)
,(1188,'Outstanding Tool Nest',30,15.85,8)
,(1189,'Revitalizing Package Nest',24,15.37,14)
,(1190,'Joyful Experience Glide',20,16.21,12)
,(1191,'Luminous Portfolio Vision',1,13.57,12)
,(1192,'Noteworthy Operation Drive',20,17.96,8)
,(1193,'Mystical Series Core',22,15.48,15)
,(1194,'Adventurous Initiative Ring',29,12.16,10)
,(1195,'Revitalizing Composition Nest',14,15.56,11)
,(1196,'Incredible Creation Reach',34,14.91,25)
,(1197,'Brilliant Array Focus',9,16.58,5)
,(1198,'Kinetic Technology Source',5,15.15,17)
,(1199,'Fabulous Database Nest',19,14.42,5)
,(1200,'Yummy Experience Plus',27,14.07,13);
INSERT INTO product(id,name,category_id,price,quantity) VALUES
 (1201,'Kind Structure Guide',35,17.55,5)
,(1202,'Mystical Compendium Clutch',7,19.09,8)
,(1203,'Sassy Technology Base',15,17.63,9)
,(1204,'Lovely Compendium Spark',25,14.33,26)
,(1205,'Majestic Widget Smart',34,15.33,21)
,(1206,'Jazzy System Point',33,17.6,23)
,(1207,'Graceful Specification Nest',27,19.76,25)
,(1208,'Bubbly Instrument Shift',23,12.44,24)
,(1209,'Dynamic Solution Network',33,14.12,23)
,(1210,'Youthful Register Wave',28,17.05,17)
,(1211,'Dreamy Technology Smart',11,12.49,26)
,(1212,'Harmonious Selection 2.0',20,19.3,20)
,(1213,'Graceful Catalog Zone',9,13.63,7)
,(1214,'Heavenly Engine Zone',35,19.99,18)
,(1215,'Cool Engine Zone',3,17.16,4)
,(1216,'Zealous System Smart',21,12.09,7)
,(1217,'Happy Instrument Connect',17,14.89,24)
,(1218,'Uplifting Concept Source',15,14.41,3)
,(1219,'Kinetic Bundle Ring',3,14.19,26)
,(1220,'Remarkable Inventory Arc',16,18.59,25);
INSERT INTO product(id,name,category_id,price,quantity) VALUES
 (1221,'Radiant Engine Sync',5,14.35,1)
,(1222,'Astounding Repository Stream',21,15.49,2)
,(1223,'Fantastic Product Shift',29,18.73,7)
,(1224,'Uplifting System Circuit',20,16.06,1)
,(1225,'Harmonious System Wave',1,16.81,15)
,(1226,'Vibrant Technology Focus',27,19.34,25)
,(1227,'Dreamy Widget Glide',33,17.59,10)
,(1228,'Youthful Blueprint Hub',26,16.03,16)
,(1229,'Exuberant Formation 2.0',5,18.17,20)
,(1230,'Bold Creation Zone',33,13.62,17)
,(1231,'Astounding Framework Stream',10,18.92,6)
,(1232,'Wondrous Scheme Quest',11,15.6,2)
,(1233,'Energizing Assortment Base',3,18.08,9)
,(1234,'Noble Blueprint Quest',12,16.06,20)
,(1235,'Dazzling Library Neo',2,14.99,10)
,(1236,'Zappy Portfolio Sphere',33,18.13,23)
,(1237,'Gorgeous Artifact Fusion',6,15.5,6)
,(1238,'Thrilling Entity Edge',26,13.56,10)
,(1239,'Flamboyant Register Ring',7,15.06,26)
,(1240,'Charming Engine Flow',30,18.61,26);
INSERT INTO product(id,name,category_id,price,quantity) VALUES
 (1241,'Remarkable Selection Path',24,15.79,22)
,(1242,'Sincere Creation Point',26,16.94,22)
,(1243,'Kinetic Venture Guide',4,19.05,10)
,(1244,'Kinetic Element Network',25,13.88,14)
,(1245,'Kooky Concept Cloud',24,14.82,11)
,(1246,'Optimistic Blueprint Wave',29,13.79,19)
,(1247,'Energizing Interface Flow',27,12.94,22)
,(1248,'Brisk Device Point',9,13.82,20)
,(1249,'Playful Item Pro',32,18.43,7)
,(1250,'Dreamy Cluster Vision',17,19.18,22)
,(1251,'Quick Package Nest',9,17.97,8)
,(1252,'Yummy Directory Guide',11,19.97,12)
,(1253,'Zealous Package Focus',25,12.32,3)
,(1254,'Keen Construction 2.0',3,13.49,19)
,(1255,'Effervescent Project X',26,13.78,14)
,(1256,'Zappy Kit Sync',27,17.81,11)
,(1257,'Jubilant Blueprint Track',15,13.45,24)
,(1258,'Quirky Archives Vibe',33,19.73,17)
,(1259,'Limitless Specification Vibe',14,18.63,15)
,(1260,'Tantalizing Venture One',8,13.96,8);
INSERT INTO product(id,name,category_id,price,quantity) VALUES
 (1261,'Energizing Selection Focus',20,19.69,21)
,(1262,'Elegant Resource Vault',7,18.76,24)
,(1263,'Vibrant Resource Spark',16,18.48,22)
,(1264,'Magical Technology Ultra',20,16.72,7)
,(1265,'Inspiring Scheme Wave',36,18.67,13)
,(1266,'Limitless Digest Reach',29,17.48,18)
,(1267,'Open Scheme Max',18,19.26,25)
,(1268,'Awesome Scheme Flow',1,12.84,5)
,(1269,'Noble Venture Shift',21,19.86,12)
,(1270,'Magical Selection Arc',22,18.66,10)
,(1271,'Incredible Widget Cloud',21,15.27,20)
,(1272,'Kooky Platform Vibe',33,19.55,16)
,(1273,'Zany Solution Ring',1,17,5)
,(1274,'Youthful Bundle Ring',33,16.56,24)
,(1275,'Kinetic Element Flow',34,17.82,21)
,(1276,'Elegant Engine Matrix',2,15.94,11)
,(1277,'Youthful Database 360',28,16.22,11);
INSERT INTO product(id,name,category_id,price,quantity) VALUES
 (1,'Jolly Interface Sync',7,17.17,12)
,(2,'Heavenly Series Prime',11,13.2,11)
,(3,'Zealous Creation Cloud',2,16,6)
,(4,'Kooky Design Matrix',27,16.89,6)
,(5,'Incredible Platform Trace',2,15.41,26)
,(6,'Quixotic Solution Network',11,19.43,9)
,(7,'Gleeful Venture Path',19,14.19,13)
,(8,'Vibrant Technology Vault',26,19.65,16)
,(9,'Playful Inventory Reach',12,16.07,8)
,(10,'Zealous Strategy Arc',13,16.41,14)
,(11,'Dreamy Scheme Flow',32,17.87,22)
,(12,'Noteworthy Concept Wave',19,12.79,12)
,(13,'Zany Operation 2.0',17,13.85,7)
,(14,'Jubilant Formation Track',19,17.74,20)
,(15,'Unique Tool Cloud',31,18.07,6)
,(16,'Cool Specification 360',20,13.96,3)
,(17,'Mystical Structure Smart',25,17.59,1)
,(18,'Creative Library Roadmap',16,12.63,19)
,(19,'Gorgeous Record Apex',17,17.88,17)
,(20,'Remarkable System Key',23,13.99,10);
INSERT INTO product(id,name,category_id,price,quantity) VALUES
 (21,'Quixotic Scheme Neo',27,19.76,18)
,(22,'Optimistic Tool Matrix',13,14.78,9)
,(23,'Energizing Solution Edge',14,13.47,11)
,(24,'Vigorous Portfolio Vibe',35,15.82,26)
,(25,'Adventurous Ensemble Shift',3,13.83,25)
,(26,'Quaint Operation 360',15,15.95,26)
,(27,'Brisk Array Channel',3,17.13,4)
,(28,'Awesome Composition Unit',29,17.31,20)
,(29,'Jubilant Assortment Stream',24,17.56,5)
,(30,'Astounding Structure Unit',4,16.67,18)
,(31,'Keen Application Source',22,17.92,6)
,(32,'Vivid Formation Scout',3,14.46,10)
,(33,'Optimistic Program Glide',19,14.47,25)
,(34,'Uplifting Strategy Zone',22,17.04,18)
,(35,'Remarkable Repository Unit',12,17.6,4)
,(36,'Charming Selection Fusion',21,14.83,13)
,(37,'Joyful Instrument Matrix',35,14.17,19)
,(38,'Majestic Cluster Focus',17,15.24,23)
,(39,'Kind Framework Spark',30,16.14,8)
,(40,'Uplifting Experience Sphere',24,16.91,16);
INSERT INTO product(id,name,category_id,price,quantity) VALUES
 (41,'Amazing Series Rover',36,16.67,7)
,(42,'Majestic Innovation Pinnacle',15,16.9,20)
,(43,'Nurturing Item Nest',13,19.03,17)
,(44,'Xtraordinary Concept Vault',19,12.62,21)
,(45,'Delightful Engine Wave',17,14.31,9)
,(46,'Vigorous Plan Neo',34,13.66,19)
,(47,'Exuberant Scheme Blaze',3,13.82,3)
,(48,'Quaint Inventory Track',32,15.26,17)
,(49,'Perfect Ensemble Track',10,15.57,15)
,(50,'Nifty Digest Focus',10,17.05,8)
,(51,'Delightful Technology 2.0',29,12.39,9)
,(52,'Dreamy Database Fusion',21,15.42,25)
,(53,'Delightful Directory Plus',9,13.33,2)
,(54,'Adventurous Compendium Gear',8,18.96,14)
,(55,'Open Kit Vision',1,19.73,18)
,(56,'Trendy Framework Edge',33,19.36,13)
,(57,'Flamboyant Utility Blaze',3,19.76,26)
,(58,'Outstanding Architecture Wave',13,16.66,3)
,(59,'Uplifting Interface Flow',22,18.54,16)
,(60,'Noteworthy Compendium Vibe',20,19.27,4);
INSERT INTO product(id,name,category_id,price,quantity) VALUES
 (61,'Wondrous Creation Neo',23,16.88,23)
,(62,'Charming Venture Arc',25,16.99,10)
,(63,'Courageous Package Smart',30,12.08,14)
,(64,'Captivating Device Guide',22,16.98,17)
,(65,'Witty Resource Connect',9,12.15,24)
,(66,'Kooky Solution Nest',19,12.49,20)
,(67,'Astounding System Aura',34,17.28,4)
,(68,'Keen Bundle Plus',31,19.14,10)
,(69,'Exuberant Utility Max',21,18.99,20)
,(70,'Open Product Track',1,19.77,12)
,(71,'Outstanding Platform Guide',33,15.69,16)
,(72,'Vibrant Blueprint Quest',14,17.5,6)
,(73,'Kooky Bundle Path',29,18.88,10)
,(74,'Stylish Directory Matrix',13,19.67,18)
,(75,'Energizing Composition Track',33,13.81,22)
,(76,'Zesty Solution Vibe',23,16.6,5)
,(77,'Genuine Scheme Clutch',18,16.14,5)
,(78,'Happy Resource Blaze',33,18.4,22)
,(79,'Dreamy Creation Bridge',11,14.8,10)
,(80,'Vivid Specification Ultra',12,14.55,1);
INSERT INTO product(id,name,category_id,price,quantity) VALUES
 (81,'Courageous Design Core',9,17.79,2)
,(82,'Zealous Widget Track',2,18.22,26)
,(83,'Zappy Resource Pulse',32,15.27,22)
,(84,'Noteworthy Lineup Sphere',27,12.04,16)
,(85,'Keen Scheme Sync',3,18.75,15)
,(86,'Jolly Item Smart',25,18.84,18)
,(87,'Vivacious Platform Shift',31,19.35,15)
,(88,'Fabulous Concept Nest',28,19.74,12)
,(89,'Courageous Engine Max',6,15.19,6)
,(90,'Tantalizing System Neo',2,18.74,18)
,(91,'Charming Docket Pulse',28,13.41,24)
,(92,'Radiant Design One',27,18.52,13)
,(93,'Unique Operation Pulse',2,12.26,6)
,(94,'Open Selection Zone',36,17.29,11)
,(95,'Quirky Technology One',33,17.51,15)
,(96,'Yummy Inventory Base',13,14.87,8)
,(97,'Zesty Construction Point',12,18.36,25)
,(98,'Genuine Database Link',34,19.87,20)
,(99,'Flamboyant Construction Trace',15,19.53,8)
,(100,'Sincere Framework Base',8,19.88,13);
INSERT INTO product(id,name,category_id,price,quantity) VALUES
 (101,'Xtraordinary Collection Spark',36,15.41,5)
,(102,'Genuine Blueprint Boost',9,14.06,17)
,(103,'Joyful Digest Prime',28,15.14,9)
,(104,'Adventurous Artifact Vision',32,12.11,23)
,(105,'Witty Record Peak',20,13.91,13)
,(106,'Vibrant Initiative Vision',29,14.51,12)
,(107,'Optimistic Digest Peak',2,14.86,17)
,(108,'Yummy Product Spark',29,12.49,20)
,(109,'Trendy System Apex',33,19.6,13)
,(110,'Captivating Bundle Core',12,16.96,26)
,(111,'Magical Docket Sync',8,16.38,22)
,(112,'Delightful Concept X',34,13.63,9)
,(113,'Playful Collection Arc',9,17.92,16)
,(114,'Youthful Architecture Launch',24,15.1,11)
,(115,'Unforgettable Bundle 2.0',9,13.4,16)
,(116,'Jubilant Structure Wave',35,16.53,20)
,(117,'Fabulous Package Channel',20,18.62,3)
,(118,'Fantastic Docket Circuit',14,15.34,21)
,(119,'Jolly Record Sync',9,17.29,8)
,(120,'Uplifting Inventory Ring',17,12.99,9);
INSERT INTO product(id,name,category_id,price,quantity) VALUES
 (121,'Gorgeous Paradigm Focus',27,16.21,16)
,(122,'Outstanding Utility Nest',19,15.46,12)
,(123,'Yummy Library Vision',31,13.8,19)
,(124,'Zany Program Trace',25,15.32,5)
,(125,'Vigorous Kit Core',13,14.13,11)
,(126,'Zappy Paradigm Circuit',4,19.76,24)
,(127,'Noble Widget Gear',36,17.28,25)
,(128,'Luminous Model Lite',3,15.79,8)
,(129,'Happy Element 2.0',35,17.07,15)
,(130,'Bubbly Compendium Nest',13,14.07,21)
,(131,'Gleeful System Track',12,19.46,7)
,(132,'Passionate Device Matrix',20,13.17,5)
,(133,'Witty Set Focus',13,13.34,17)
,(134,'Zesty Program Key',8,17.55,26)
,(135,'Noteworthy Package Nest',11,18.83,3)
,(136,'Xtraordinary Assortment Sync',22,17.27,3)
,(137,'Youthful Mechanism Rover',3,16.94,2)
,(138,'Jubilant Structure Launch',31,17.4,16)
,(139,'Lively Service Launch',13,16.98,10)
,(140,'Terrific Instrument Vision',35,13.8,13);
INSERT INTO product(id,name,category_id,price,quantity) VALUES
 (141,'Optimistic Series One',19,15.01,13)
,(142,'Nifty Technology Trace',31,13.37,16)
,(143,'Graceful Technology Channel',10,16.25,4)
,(144,'Limitless Solution Elite',27,12.85,22)
,(145,'Heavenly Blueprint Arc',35,16.26,14)
,(146,'Witty Package Apex',12,13.43,2)
,(147,'Uplifting Ensemble Nest',7,18.13,19)
,(148,'Exuberant Package Hub',24,16.98,24)
,(149,'Fantastic File Line',8,18.91,13)
,(150,'Inspiring Entity Flow',18,12.77,9)
,(151,'Flamboyant Artifact Vision',2,16.41,23)
,(152,'Nurturing Inventory Circuit',13,18.23,3)
,(153,'Luminous Directory Flow',16,15.54,6)
,(154,'Sassy Architecture Edge',26,16.37,9)
,(155,'Witty Asset Edge',3,15.5,4)
,(156,'Courageous Register Core',24,17.18,14)
,(157,'Uplifting Solution Glide',28,16.76,3)
,(158,'Nifty Digest Quest',12,14.58,12)
,(159,'Unique Technology Pinnacle',22,15.81,25)
,(160,'Lovely Asset Guide',16,18.52,1);
INSERT INTO product(id,name,category_id,price,quantity) VALUES
 (161,'Brisk Collection Bridge',8,19.85,24)
,(162,'Brisk Project Cloud',21,16.19,10)
,(163,'Outstanding Blueprint Path',8,17.19,19)
,(164,'Harmonious Module Guide',19,18.67,3)
,(165,'Mystical Concept Sphere',9,17.4,15)
,(166,'Quixotic Project Smart',24,15.69,5)
,(167,'Vigorous Program Core',4,14.2,9)
,(168,'Adventurous Paradigm Spark',17,17.5,6)
,(169,'Terrific Digest Pinnacle',28,15.68,3)
,(170,'Sassy Tool Shift',15,17.34,17)
,(171,'Stylish Package Source',25,14.75,4)
,(172,'Sincere Catalog Track',17,17.34,14)
,(173,'Impressive Package Spark',22,19.88,23)
,(174,'Trendy System One',23,16.42,11)
,(175,'Zappy System Pro',15,17.36,26)
,(176,'Heavenly Device Edge',2,12.76,17)
,(177,'Courageous Composition Nest',19,17.22,7)
,(178,'Unique Entity Roadmap',4,16.33,23)
,(179,'Noble Element Nest',16,13.59,5)
,(180,'Courageous Scheme Max',27,19.54,15);
INSERT INTO product(id,name,category_id,price,quantity) VALUES
 (181,'Fantastic Digest Base',25,19.76,11)
,(182,'Outstanding Framework Glide',34,16.33,12)
,(183,'Jolly Service Ring',4,16.96,14)
,(184,'Kooky Utility Drive',34,19.99,7)
,(185,'Youthful Scheme Elite',33,13.87,20)
,(186,'Optimistic Venture Line',10,18.89,12)
,(187,'Vivacious Apparatus Track',1,15.54,7)
,(188,'Playful Utility Vision',16,12.97,7)
,(189,'Dreamy System Nest',13,16.31,17)
,(190,'Quick Initiative Line',31,15.6,22)
,(191,'Zappy Portfolio Key',4,13.48,3)
,(192,'Vivacious Library Vibe',16,12.78,2)
,(193,'Amazing Inventory Sphere',27,13.46,21)
,(194,'Quixotic Initiative Elite',27,17.46,17)
,(195,'Dazzling Utility Tribe',10,12.17,11)
,(196,'Sincere Bundle Line',5,14.22,5)
,(197,'Quixotic Interface Flow',18,18.56,3)
,(198,'Unique Cluster Vibe',36,13.68,6)
,(199,'Cool Cluster Launch',17,12.7,2)
,(200,'Adventurous Concept Matrix',29,17.76,10);
INSERT INTO product(id,name,category_id,price,quantity) VALUES
 (201,'Dreamy Blueprint Spark',25,15.04,14)
,(202,'Perfect Interface Base',7,16.46,1)
,(203,'Wondrous Utility Channel',5,17.45,4)
,(204,'Jubilant Service Gear',33,15.13,22)
,(205,'Trendy Asset Connect',33,13.71,26)
,(206,'Dazzling Model Unit',36,16.95,1)
,(207,'Optimistic Selection Roadmap',7,12.58,16)
,(208,'Noble Engine Elite',27,14.14,17)
,(209,'Wondrous Blueprint Shift',24,15.71,8)
,(210,'Xenial Portfolio Vision',34,15.1,7)
,(211,'Amazing Series Fusion',11,16.53,20)
,(212,'Nurturing Widget Stream',21,13.2,21)
,(213,'Gorgeous Module Vault',28,15.33,2)
,(214,'Yummy Asset Wave',28,19.03,12)
,(215,'Flamboyant Array Channel',9,18.44,8)
,(216,'Quirky Initiative Channel',9,13.07,3)
,(217,'Fabulous Platform Tribe',36,12.65,3)
,(218,'Vivacious Series Path',17,14.95,20)
,(219,'Terrific Scheme 360',5,16.56,3)
,(220,'Gorgeous Bundle Nest',10,14.4,1);
INSERT INTO product(id,name,category_id,price,quantity) VALUES
 (221,'Thrilling Selection Pro',17,12.84,4)
,(222,'Fantastic Repository Flow',21,15.55,19)
,(223,'Courageous Device Core',3,19.19,25)
,(224,'Vivacious Archives Nest',21,17.12,23)
,(225,'Lively Specification 360',22,15.4,5)
,(226,'Xtraordinary Digest Elite',21,15.58,23)
,(227,'Noble Entity Blaze',15,12.11,3)
,(228,'Limitless Framework Rover',26,15.88,23)
,(229,'Optimistic Concept Launch',3,17.15,5)
,(230,'Joyful Creation Key',11,18.09,1)
,(231,'Yummy Resource Network',8,13.52,8)
,(232,'Youthful Cluster Launch',31,13.67,12)
,(233,'Delightful Artifact Edge',3,13.13,8)
,(234,'Astounding Operation Glide',4,13.31,23)
,(235,'Vibrant Item Peak',4,12.6,16)
,(236,'Noble Lineup Network',15,19.02,13)
,(237,'Fearless Mechanism Clutch',21,17.81,18)
,(238,'Astounding Selection Max',26,12.83,22)
,(239,'Vigorous Item Nest',3,17.38,3)
,(240,'Optimistic Kit Shift',15,19.47,10);
INSERT INTO product(id,name,category_id,price,quantity) VALUES
 (241,'Wholesome Repository Guide',10,13.38,6)
,(242,'Astounding Inventory Stream',30,15.75,7)
,(243,'Optimistic Program Rover',8,13.81,5)
,(244,'Majestic Digest Spark',14,15.98,1)
,(245,'Joyful Project Track',14,13.05,26)
,(246,'Tantalizing Catalog One',31,19.6,23)
,(247,'Vivacious Array Spark',24,15.27,19)
,(248,'Flamboyant Blueprint Rover',33,15.15,9)
,(249,'Whimsical File Prime',25,16.19,7)
,(250,'Fantastic Construction Core',20,14.57,3)
,(251,'Zappy System Wave',31,15.56,18)
,(252,'Brisk Structure Clutch',35,18.67,24)
,(253,'Delightful Framework Vibe',28,19.23,19)
,(254,'Energizing Resource Track',29,15.85,8)
,(255,'Jazzy Strategy Smart',7,15.66,26)
,(256,'Yummy Formation Neo',15,17.86,13)
,(257,'Magical Lineup Shift',8,12.03,9)
,(258,'Thrilling Model Gear',12,12.81,11)
,(259,'Jubilant Arrangement Elite',27,14.02,5)
,(260,'Revitalizing Network Arc',10,16.23,7);
INSERT INTO product(id,name,category_id,price,quantity) VALUES
 (261,'Incredible Concept Pinnacle',17,16.91,21)
,(262,'Unique Lineup Wave',5,12.4,23)
,(263,'Zealous Compendium Core',29,14.2,24)
,(264,'Bubbly Collection Shift',33,17.72,21)
,(265,'Creative Set Ring',23,14.15,26)
,(266,'Quaint Framework Focus',32,17.27,20)
,(267,'Quick Mechanism Sync',23,16.61,13)
,(268,'Youthful Cluster Flow',5,16.59,2)
,(269,'Bubbly Experience Stream',29,16.99,17)
,(270,'Inspiring Framework Fusion',12,19.96,24)
,(271,'Energizing Package Rover',20,12.89,10)
,(272,'Quixotic Archives Apex',14,15.37,15)
,(273,'Yummy Instrument Max',24,15.91,10)
,(274,'Exuberant Paradigm Tribe',18,17.45,19)
,(275,'Kooky Structure Line',2,14.61,26)
,(276,'Harmonious Operation Vault',10,17.3,21)
,(277,'Perfect Solution Boost',27,19.85,12)
,(278,'Nifty Entity Elite',12,13.02,10)
,(279,'Courageous Element Vision',15,12.66,23)
,(280,'Unforgettable Instrument Vision',32,16.95,6);
INSERT INTO product(id,name,category_id,price,quantity) VALUES
 (281,'Open Technology Scout',6,13.77,2)
,(282,'Zappy Model Source',2,14.81,6)
,(283,'Jubilant Series Ultra',25,14.87,3)
,(284,'Radiating Archives Vision',15,14.3,8)
,(285,'Astounding Docket Sync',5,13.59,6)
,(286,'Magnificent Arrangement Bridge',10,13.87,18)
,(287,'Charming Widget Spark',3,19.22,5)
,(288,'Uplifting Innovation Glide',12,18.22,25)
,(289,'Sassy Application Key',7,17.29,5)
,(290,'Vibrant Artifact Cloud',36,19.85,3)
,(291,'Lively Venture Edge',29,15.42,1)
,(292,'Jazzy Design Drive',16,18.48,15)
,(293,'Delightful Framework Pinnacle',9,13.66,6)
,(294,'Remarkable Engine Portal',16,16.89,21)
,(295,'Radiating Array Boost',1,17.33,11)
,(296,'Revitalizing Database Hub',23,12.03,2)
,(297,'Optimistic Kit Pinnacle',27,12.92,18)
,(298,'Playful System Pulse',21,17.43,23)
,(299,'Keen Cluster Wave',18,15.16,9)
,(300,'Magnificent Item Vibe',29,19.03,21);
INSERT INTO product(id,name,category_id,price,quantity) VALUES
 (301,'Thrilling Program Channel',34,18.34,23)
,(302,'Sassy Series Channel',21,18.07,5)
,(303,'Zealous Arrangement Reach',7,16.99,16)
,(304,'Wondrous Apparatus Launch',16,19.33,26)
,(305,'Brisk Construction Reach',5,16.5,3)
,(306,'Remarkable Structure Network',15,16.02,11)
,(307,'Uplifting Formation Vibe',35,14.91,14)
,(308,'Incredible Repository Gear',12,13.14,16)
,(309,'Outstanding Interface Max',1,17.34,3)
,(310,'Passionate Selection Drive',9,12.36,15)
,(311,'Creative Design X',10,19.51,25)
,(312,'Vibrant Package Core',8,12.22,6)
,(313,'Yummy Program Nest',13,13.26,24)
,(314,'Magical Database Path',6,13.68,10)
,(315,'Kind Catalog Ring',10,15.98,7)
,(316,'Sensational Framework Arc',5,14.36,18)
,(317,'Sensational Directory 360',30,13.83,2)
,(318,'Dynamic Set Sphere',9,12.55,20)
,(319,'Sensational Library Source',18,18.35,6)
,(320,'Vivacious Assortment Matrix',36,14.21,25);
INSERT INTO product(id,name,category_id,price,quantity) VALUES
 (321,'Effervescent Mechanism Cloud',20,15.74,20)
,(322,'Uplifting Concept Link',34,16.74,20)
,(323,'Lovely Catalog Cloud',31,12.49,23)
,(324,'Stylish Module Focus',25,14.86,11)
,(325,'Zesty Framework Network',9,16.51,16)
,(326,'Captivating System Boost',8,12.55,9)
,(327,'Cool Archives Drive',14,18.08,24)
,(328,'Lively Construction Ring',22,19.46,24)
,(329,'Kooky Entity Portal',9,19.03,26)
,(330,'Graceful Architecture Sphere',6,14.37,17)
,(331,'Energizing Network Ring',19,16.53,21)
,(332,'Nurturing Network Drive',3,16.92,12)
,(333,'Optimistic Record Elite',4,18.26,5)
,(334,'Noteworthy Interface Quest',24,17.72,17)
,(335,'Harmonious Entity Point',20,18.16,20)
,(336,'Witty Package Matrix',24,17.37,25)
,(337,'Stylish Register Scout',13,18.11,10)
,(338,'Adventurous Scheme Spark',27,14.07,11)
,(339,'Zappy Instrument 360',16,16.87,14)
,(340,'Awesome Instrument Source',26,12.59,15);
INSERT INTO product(id,name,category_id,price,quantity) VALUES
 (341,'Brisk Set Base',5,12.7,11)
,(342,'Kind System Smart',21,16.69,21)
,(343,'Flamboyant Package Nest',8,19.52,7)
,(344,'Zappy Paradigm Zone',26,19.16,25)
,(345,'Sensational Record Unit',14,13.26,8)
,(346,'Zany Library Nest',19,19.77,9)
,(347,'Outstanding Set Vault',27,15.64,4)
,(348,'Jazzy Widget Apex',9,12,9)
,(349,'Nurturing Widget X',35,16.44,18)
,(350,'Zealous Scheme Key',18,15.44,1)
,(351,'Passionate File Rover',34,13.11,7)
,(352,'Playful Concept Blaze',29,16.54,22)
,(353,'Trendy Network Point',10,18.28,26)
,(354,'Youthful Application One',2,17.19,15)
,(355,'Magical Interface One',7,17.96,26)
,(356,'Sensational Portfolio Lite',23,18.61,7)
,(357,'Heavenly Digest Link',13,18.46,17)
,(358,'Passionate Assortment Channel',35,18.59,15)
,(359,'Sassy Technology Channel',5,13.34,22)
,(360,'Heavenly Mechanism Wave',21,12.63,13);
INSERT INTO product(id,name,category_id,price,quantity) VALUES
 (361,'Fantastic Kit Rover',36,15.92,3)
,(362,'Passionate Item Link',26,12.95,22)
,(363,'Zesty Model X',17,17.69,23)
,(364,'Xenial Set Key',34,17.17,7)
,(365,'Zesty Apparatus 2.0',22,12.7,10)
,(366,'Fearless Plan Zone',4,12.78,9)
,(367,'Zappy Digest Channel',14,15.38,2)
,(368,'Youthful Item Line',7,14.76,21)
,(369,'Uplifting Formation Track',15,18.81,15)
,(370,'Lively Package Clutch',5,14.07,22)
,(371,'Terrific Solution Stream',24,13.23,16)
,(372,'Magnificent File Aura',24,16.23,7)
,(373,'Fearless Technology Nest',6,17.77,20)
,(374,'Quick Service Tribe',9,19.72,19)
,(375,'Courageous Digest Lite',32,18.66,10)
,(376,'Happy Inventory Cloud',36,14.7,8)
,(377,'Mystical Artifact Vault',19,16.61,26)
,(378,'Gorgeous Formation Bridge',8,18.05,24)
,(379,'Terrific Framework Track',16,19.87,25)
,(380,'Mystical Paradigm Core',10,16.08,17);
INSERT INTO product(id,name,category_id,price,quantity) VALUES
 (381,'Bold Gadget Key',30,13.15,13)
,(382,'Exuberant Utility Blaze',5,18.06,21)
,(383,'Playful Assortment Vision',17,15.85,21)
,(384,'Energizing Concept Spark',12,12.77,9)
,(385,'Xtraordinary Framework Hub',6,15.07,14)
,(386,'Charming Framework Channel',1,15.87,1)
,(387,'Remarkable Lineup Source',36,16,1)
,(388,'Zealous Array Hub',17,12.6,3)
,(389,'Lively Framework Pinnacle',22,16.22,13)
,(390,'Outstanding Project 2.0',5,17.74,8)
,(391,'Uplifting Collection Glide',24,18.23,26)
,(392,'Majestic Design Clutch',36,16.71,5)
,(393,'Kind Concept Core',30,13.59,9)
,(394,'Wholesome Series Glide',34,14.52,20)
,(395,'Captivating Compendium Point',25,15.14,23)
,(396,'Zesty Module Vision',18,15.56,3)
,(397,'Lovely Package Gear',7,12.69,3)
,(398,'Quick Docket Nest',26,14.63,3)
,(399,'Nurturing Blueprint Hub',34,13.52,19)
,(400,'Radiating Engine Stream',1,17.7,23);
INSERT INTO product(id,name,category_id,price,quantity) VALUES
 (401,'Charming System Roadmap',15,19.27,14)
,(402,'Terrific Bundle Guide',34,18.16,21)
,(403,'Vibrant Innovation Pinnacle',33,18.99,7)
,(404,'Playful Ensemble Scout',28,18.66,15)
,(405,'Youthful Lineup Portal',3,14.62,22)
,(406,'Innovative Concept Key',14,13.3,16)
,(407,'Vivacious Operation Stream',12,17.23,5)
,(408,'Quixotic Framework Fusion',27,13.2,7)
,(409,'Passionate Repository Clutch',2,15.25,16)
,(410,'Luminous Platform Tribe',1,16.49,8)
,(411,'Passionate Register Plus',4,19.69,24)
,(412,'Genuine Model Network',16,18.94,20)
,(413,'Mystical Composition Rover',20,12.4,3)
,(414,'Perfect Concept Shift',25,14.23,14)
,(415,'Uplifting Service Scout',32,19.23,8)
,(416,'Jolly File Drive',32,16.33,8)
,(417,'Mystical Design Quest',24,16.8,12)
,(418,'Noble Directory Track',9,17.98,2)
,(419,'Radiant Utility Source',23,18.71,20)
,(420,'Zany Asset Unit',25,12.52,9);
INSERT INTO product(id,name,category_id,price,quantity) VALUES
 (421,'Courageous Database Line',15,13.82,12)
,(422,'Astounding Resource Zone',12,13.39,20)
,(423,'Playful Framework Pro',32,16.18,11)
,(424,'Incredible Technology Matrix',16,13.25,22)
,(425,'Quirky Repository Elite',11,12.11,26)
,(426,'Outstanding Scheme Tribe',31,15.21,22)
,(427,'Mystical Framework Portal',2,12.08,26)
,(428,'Lively Archives Reach',18,18.24,25)
,(429,'Limitless Blueprint Trace',27,13.24,21)
,(430,'Charming Network Shift',36,14.28,17)
,(431,'Vivid Set Apex',24,19.47,1)
,(432,'Brisk Blueprint Vibe',19,12.3,4)
,(433,'Dazzling Item Neo',33,18.01,24)
,(434,'Gorgeous Register Hub',4,18.36,23)
,(435,'Delightful Package Source',2,16.82,6)
,(436,'Nurturing Design Plus',25,14.36,2)
,(437,'Sassy Experience Arc',10,13.75,11)
,(438,'Thrilling Framework Roadmap',9,18.19,8)
,(439,'Innovative Service Max',32,12.84,3)
,(440,'Noble Asset Ultra',14,16.14,17);
INSERT INTO product(id,name,category_id,price,quantity) VALUES
 (441,'Dazzling Paradigm Tribe',7,18.59,10)
,(442,'Effervescent Repository Clutch',9,15.09,14)
,(443,'Nurturing Platform Wave',3,18.35,10)
,(444,'Kinetic Engine Wave',13,12.81,8)
,(445,'Outstanding Series X',21,12.17,14)
,(446,'Remarkable Kit Boost',5,18.64,15)
,(447,'Lovely Process Core',13,13.75,6)
,(448,'Effervescent Resource Track',13,12.73,19)
,(449,'Dreamy Apparatus Arc',34,19.86,18)
,(450,'Zany Digest Trace',2,15.43,14)
,(451,'Wondrous Digest Plus',16,13.4,11)
,(452,'Awesome Gadget Blaze',35,19.39,14)
,(453,'Heavenly Blueprint Sync',16,14.06,23)
,(454,'Unique Package Ultra',18,12.87,21)
,(455,'Flamboyant Plan Matrix',15,13.98,11)
,(456,'Gorgeous Mechanism Portal',32,16.75,20)
,(457,'Bubbly Instrument Smart',25,18.37,26)
,(458,'Sincere File Key',36,12.29,4)
,(459,'Witty Concept Blaze',2,13.97,24)
,(460,'Courageous Blueprint One',34,13.52,9);
INSERT INTO product(id,name,category_id,price,quantity) VALUES
 (461,'Effervescent Gadget Shift',18,13.83,1)
,(462,'Sensational Framework Channel',25,12.56,16)
,(463,'Stylish Apparatus Vault',7,19.98,6)
,(464,'Incredible Entity One',36,13.61,14)
,(465,'Whimsical System Source',23,13.82,23)
,(466,'Noteworthy Venture Portal',12,16.7,20)
,(467,'Mystical Set Max',18,14.86,20)
,(468,'Youthful Experience Scout',23,12.18,20)
,(469,'Kind Artifact Link',14,13.06,9)
,(470,'Unique Element Trace',11,19.75,24)
,(471,'Astounding Portfolio Nest',11,19.82,10)
,(472,'Nurturing Item Sphere',15,13.99,16)
,(473,'Creative Design Zone',34,17.33,26)
,(474,'Elegant Item Portal',20,15.46,12)
,(475,'Majestic Kit Key',6,15.24,5)
,(476,'Heavenly Bundle Plus',10,12.95,16)
,(477,'Open Paradigm Line',18,18.63,22)
,(478,'Youthful Portfolio Glide',31,18.14,12)
,(479,'Happy Package Aura',2,12.6,2)
,(480,'Amazing Element Prime',27,17.87,6);
INSERT INTO product(id,name,category_id,price,quantity) VALUES
 (481,'Fearless Package Circuit',20,19.83,15)
,(482,'Heavenly Concept Portal',20,17.13,8)
,(483,'Vigorous Entity Tribe',17,17.72,17)
,(484,'Playful Service Wave',1,13.6,22)
,(485,'Cool Application Shift',35,12.27,17)
,(486,'Playful Formation Pinnacle',14,13.8,13)
,(487,'Tantalizing Array Unit',17,12.17,22)
,(488,'Energizing Cluster Line',8,14.13,22)
,(489,'Creative Architecture Matrix',16,13.69,14)
,(490,'Noble Catalog Core',36,16.85,8)
,(491,'Awesome Array Source',8,13.93,22)
,(492,'Vibrant Model Wave',26,19.8,22)
,(493,'Wholesome Element Fusion',22,12.78,14)
,(494,'Tantalizing Package Unit',9,19.73,15)
,(495,'Remarkable Architecture Peak',16,17.08,22)
,(496,'Kinetic Formation Key',4,16.29,26)
,(497,'Yummy Framework Network',32,15.76,7)
,(498,'Wondrous Blueprint Track',33,15.44,19)
,(499,'Uplifting Scheme Nest',11,16.81,3)
,(500,'Zany Service Point',27,14.45,26);
INSERT INTO product(id,name,category_id,price,quantity) VALUES
 (501,'Optimistic Compendium Shift',12,17.6,25)
,(502,'Wholesome Engine Apex',5,15.95,21)
,(503,'Zappy Construction Tribe',18,19.42,25)
,(504,'Zany Catalog Peak',19,17.62,7)
,(505,'Energizing Paradigm Roadmap',5,13.7,24)
,(506,'Dazzling Element Flow',27,13.22,7)
,(507,'Zesty Kit Portal',29,18.64,20)
,(508,'Flamboyant Selection Prime',11,13.62,8)
,(509,'Dreamy Apparatus Guide',6,16.83,12)
,(510,'Courageous Innovation Trace',22,16.9,14)
,(511,'Optimistic Creation Reach',10,12.31,13)
,(512,'Passionate Model Vibe',24,12.93,2)
,(513,'Perfect Set Ultra',31,17.35,21)
,(514,'Charming Structure Gear',24,17.1,14)
,(515,'Playful Selection Link',23,14.17,19)
,(516,'Energizing Docket Nest',21,19.12,6)
,(517,'Wondrous Platform Boost',8,13.19,16)
,(518,'Keen Interface Reach',13,14,12)
,(519,'Open Experience Rover',22,17.47,8)
,(520,'Adventurous Paradigm Rover',27,14.41,15);
INSERT INTO product(id,name,category_id,price,quantity) VALUES
 (521,'Passionate Repository Nest',19,14.6,11)
,(522,'Revitalizing Scheme Link',19,15.44,14)
,(523,'Uplifting Framework Channel',1,13.92,2)
,(524,'Courageous Compendium Unit',20,17.13,3)
,(525,'Revitalizing Inventory Sphere',14,15.22,16)
,(526,'Innovative Blueprint Zone',8,12.95,5)
,(527,'Magnificent Lineup Nest',10,12.41,20)
,(528,'Delightful Mechanism Trace',20,13.73,9)
,(529,'Unforgettable Initiative Circuit',22,12.87,16)
,(530,'Terrific Package Point',12,15.46,21)
,(531,'Zappy Innovation Circuit',31,13.34,4)
,(532,'Innovative Ensemble Gear',16,13.3,8)
,(533,'Dreamy Scheme Smart',28,14.94,3)
,(534,'Thrilling Architecture Circuit',17,17.1,23)
,(535,'Charming Package Max',18,14.47,13)
,(536,'Joyful Array Clutch',28,17.5,14)
,(537,'Playful Project Wave',1,14.26,24)
,(538,'Mystical Digest Apex',21,19.7,25)
,(539,'Magnificent Asset 360',11,15.46,19)
,(540,'Radiant Mechanism Pinnacle',34,19.64,10);
INSERT INTO product(id,name,category_id,price,quantity) VALUES
 (541,'Outstanding Archives Arc',26,15.74,14)
,(542,'Perfect Device Ultra',35,15.87,10)
,(543,'Limitless File Vision',23,15.05,24)
,(544,'Nurturing Project Nest',33,17.76,13)
,(545,'Dynamic Formation Arc',6,14.77,9)
,(546,'Wholesome Concept Line',12,14.1,11)
,(547,'Unforgettable Assortment Vibe',11,13.31,22)
,(548,'Nifty Package Matrix',10,18.54,26)
,(549,'Uplifting Resource Portal',1,13.51,11)
,(550,'Inspiring Device Zone',10,18.81,20)
,(551,'Quick Portfolio X',12,19.95,23)
,(552,'Tantalizing Collection Apex',31,13.19,23)
,(553,'Majestic Paradigm Vault',5,15.32,25)
,(554,'Brilliant Concept Scout',28,14.92,23)
,(555,'Playful Repository Prime',9,18.82,15)
,(556,'Genuine Model Path',24,12.64,22)
,(557,'Outstanding Record Ultra',6,17,5)
,(558,'Revitalizing System Unit',28,19.34,19)
,(559,'Vibrant Docket Clutch',35,17.02,12)
,(560,'Wondrous Element Apex',30,19.45,18);
INSERT INTO product(id,name,category_id,price,quantity) VALUES
 (561,'Kinetic Concept Line',22,16.46,3)
,(562,'Bold Framework 2.0',20,18.33,7)
,(563,'Nifty Platform Guide',17,16.35,2)
,(564,'Zappy Innovation Tribe',5,12.76,9)
,(565,'Kind Project Shift',2,12.02,11)
,(566,'Radiant Platform Point',3,17.4,24)
,(567,'Unforgettable Package Nest',36,14.1,17)
,(568,'Impressive Mechanism Reach',29,15.71,1)
,(569,'Outstanding Interface Fusion',16,18.07,14)
,(570,'Zesty Process Base',19,13.9,4)
,(571,'Playful System Sync',25,13.43,5)
,(572,'Quixotic Assortment Track',34,14.91,23)
,(573,'Magical Design Source',32,14.17,14)
,(574,'Gorgeous Bundle Smart',6,18.62,23)
,(575,'Fantastic Paradigm Nest',12,15.67,14)
,(576,'Innovative Resource Point',20,12.66,1)
,(577,'Brilliant Instrument Guide',11,15.66,9)
,(578,'Nurturing Blueprint X',15,19.41,12)
,(579,'Brisk Package Portal',16,14.17,8)
,(580,'Delightful Inventory Fusion',27,19.76,25);
INSERT INTO product(id,name,category_id,price,quantity) VALUES
 (581,'Passionate Concept Flow',32,16.04,9)
,(582,'Adventurous Solution Tribe',3,17.44,12)
,(583,'Brilliant Paradigm Apex',8,17,9)
,(584,'Adventurous Utility Peak',21,12.89,2)
,(585,'Fearless Platform Nest',25,13.54,6)
,(586,'Magical Scheme Nest',29,12.27,20)
,(587,'Brilliant Mechanism Sphere',14,15.09,6)
,(588,'Heavenly Collection Sync',35,16.11,24)
,(589,'Tantalizing Element Sync',10,16.2,23)
,(590,'Unforgettable Formation Connect',22,13.91,4)
,(591,'Happy Utility Roadmap',4,14.9,18)
,(592,'Yummy Digest Boost',24,18.47,20)
,(593,'Genuine Specification Unit',5,14.05,16)
,(594,'Charming Solution Bridge',13,14.08,23)
,(595,'Jubilant Innovation Base',6,15.48,2)
,(596,'Unique Framework Nest',30,12.42,6)
,(597,'Adventurous Arrangement Arc',21,15.74,12)
,(598,'Thrilling Resource Spark',11,13.11,2)
,(599,'Xtraordinary Architecture Unit',14,17.49,6)
,(600,'Amazing Inventory Edge',18,19.49,7);
INSERT INTO product(id,name,category_id,price,quantity) VALUES
 (601,'Optimistic Framework Base',15,12.03,14)
,(602,'Whimsical Utility Vibe',32,19.33,8)
,(603,'Fabulous Scheme Point',22,12.5,20)
,(604,'Gorgeous Catalog Scout',23,16.29,21)
,(605,'Zesty Digest Pinnacle',24,16.08,5)
,(606,'Exuberant Platform Zone',25,17.83,26)
,(607,'Joyful Innovation Path',7,13.58,19)
,(608,'Youthful Package Connect',7,15.61,26)
,(609,'Flamboyant Widget Point',26,17.74,9)
,(610,'Majestic Paradigm Connect',12,19.04,24)
,(611,'Youthful System Tribe',3,15.2,19)
,(612,'Perfect Concept Nest',23,13.94,24)
,(613,'Quick Repository Vibe',33,15.81,22)
,(614,'Outstanding Series Pro',13,17.16,18)
,(615,'Open Instrument Nest',10,15.17,19)
,(616,'Keen Kit Stream',24,18.81,18)
,(617,'Kind Inventory Focus',15,18.37,7)
,(618,'Delightful Platform Blaze',27,18.82,6)
,(619,'Zany Framework Guide',34,12.23,26)
,(620,'Jazzy Asset Key',7,19.08,19);
INSERT INTO product(id,name,category_id,price,quantity) VALUES
 (621,'Dynamic Design Guide',6,18.82,2)
,(622,'Whimsical Widget Unit',7,19.25,23)
,(623,'Captivating Process Edge',34,16.33,15)
,(624,'Yummy Digest Plus',9,20,2)
,(625,'Exuberant Concept Arc',27,19.98,23)
,(626,'Graceful Scheme Source',36,12.47,1)
,(627,'Youthful Mechanism Flow',24,12.04,13)
,(628,'Graceful Library Matrix',32,15.44,16)
,(629,'Remarkable Operation Max',26,18.03,12)
,(630,'Playful Artifact Reach',10,13.77,10)
,(631,'Gleeful Assortment Link',8,19.13,20)
,(632,'Kind Selection Drive',6,17.05,7)
,(633,'Jazzy Initiative Pulse',29,15.28,23)
,(634,'Incredible Gadget Network',3,13.4,7)
,(635,'Unique Gadget One',22,17.97,21)
,(636,'Impressive Construction Ring',9,19.48,17)
,(637,'Creative Digest Network',13,18.1,2)
,(638,'Stylish Structure Neo',4,16.23,22)
,(639,'Charming Solution Gear',16,15.57,22)
,(640,'Captivating Archives Hub',3,15.44,12);
INSERT INTO product(id,name,category_id,price,quantity) VALUES
 (641,'Bubbly Selection Connect',19,12.72,9)
,(642,'Adventurous Project Edge',10,19.32,9)
,(643,'Quaint Asset Hub',32,16.91,5)
,(644,'Xenial Solution Ultra',34,16.36,16)
,(645,'Gorgeous Specification Edge',7,15.48,24)
,(646,'Fantastic Selection Circuit',21,14.89,11)
,(647,'Bold File 2.0',33,18.93,24)
,(648,'Radiant Scheme Arc',17,17.11,12)
,(649,'Jolly Scheme Connect',35,19.37,11)
,(650,'Fearless Creation Pulse',3,17.05,9)
,(651,'Happy File Nest',23,19.06,21)
,(652,'Elegant Item Track',36,15.64,17)
,(653,'Tantalizing Strategy 360',16,13.41,17)
,(654,'Noteworthy Concept Network',5,17.85,7)
,(655,'Vivacious Arrangement Max',2,18.92,8)
,(656,'Youthful Initiative Plus',22,13.52,19)
,(657,'Outstanding Concept Spark',8,13.89,12)
,(658,'Optimistic Formation Sync',26,16.58,20)
,(659,'Cool Project 360',19,14.42,8)
,(660,'Dazzling Item Nest',13,17.75,2);
INSERT INTO product(id,name,category_id,price,quantity) VALUES
 (661,'Xtraordinary Set Quest',34,18.01,13)
,(662,'Genuine Innovation Lite',36,13.73,25)
,(663,'Magical Collection Wave',24,12.11,14)
,(664,'Zesty Composition Roadmap',19,12.11,2)
,(665,'Vivid Package Neo',24,12.7,10)
,(666,'Dynamic Widget Clutch',26,16.57,23)
,(667,'Stylish Framework Edge',34,13.13,14)
,(668,'Gleeful System Zone',25,15.68,12)
,(669,'Captivating Project Rover',10,17.45,22)
,(670,'Uplifting Program Vision',18,17.31,18)
,(671,'Youthful Experience Shift',10,15.87,2)
,(672,'Quirky Assortment Nest',3,15.52,9)
,(673,'Zany Service Nest',36,18.13,13)
,(674,'Exuberant System Shift',27,14.67,22)
,(675,'Keen Engine Bridge',5,12.81,24)
,(676,'Radiant Creation Aura',22,13.19,15)
,(677,'Yummy Formation Stream',16,18.73,13)
,(678,'Vivid Apparatus Max',31,12.11,6)
,(679,'Jazzy Element Pulse',26,14.62,10)
,(680,'Lovely System Pinnacle',1,18.92,18);
INSERT INTO product(id,name,category_id,price,quantity) VALUES
 (681,'Mystical Digest Wave',17,17.52,15)
,(682,'Quixotic Asset Source',31,16.12,26)
,(683,'Vibrant Structure Pulse',23,15.61,3)
,(684,'Courageous Compendium Scout',11,14.35,14)
,(685,'Zany Architecture Track',31,18.64,11)
,(686,'Elegant Service Vision',2,14.31,22)
,(687,'Fantastic Initiative Connect',27,18.72,8)
,(688,'Mystical Application Fusion',23,16.45,10)
,(689,'Quick Archives Vibe',14,13.91,3)
,(690,'Outstanding Network Reach',5,15.87,12)
,(691,'Zealous Product Prime',28,15.23,15)
,(692,'Vivacious Bundle Pinnacle',6,13.72,10)
,(693,'Dynamic Database Apex',35,12.7,21)
,(694,'Remarkable Technology Flow',5,17.15,24)
,(695,'Remarkable Inventory Drive',1,17.65,17)
,(696,'Fantastic Concept Track',14,16.04,9)
,(697,'Bubbly Mechanism Launch',30,13.85,16)
,(698,'Lively Widget Reach',12,17.58,7)
,(699,'Bold Compendium Point',7,14.2,22)
,(700,'Mystical Series One',2,12.51,8);
INSERT INTO product(id,name,category_id,price,quantity) VALUES
 (701,'Radiating Design Circuit',36,14.89,16)
,(702,'Vivacious Plan Ring',4,18.58,20)
,(703,'Delightful Solution Quest',11,13.82,1)
,(704,'Effervescent Kit 2.0',18,16.35,2)
,(705,'Zesty System Rover',15,16.35,1)
,(706,'Zesty Innovation Drive',11,19.03,10)
,(707,'Revitalizing System Wave',14,19.91,20)
,(708,'Youthful Innovation Neo',22,19.99,26)
,(709,'Quirky Lineup Vision',15,16.37,9)
,(710,'Majestic Architecture Shift',21,17.31,22)
,(711,'Gleeful Apparatus Glide',20,13.98,26)
,(712,'Unforgettable Assortment X',13,16.94,1)
,(713,'Xenial Concept Prime',16,12.77,7)
,(714,'Dynamic Item Unit',11,12.91,6)
,(715,'Fabulous Archives Pulse',14,16.9,6)
,(716,'Youthful Register Link',31,17.43,25)
,(717,'Magnificent Composition Fusion',1,15.42,2)
,(718,'Keen Construction Unit',5,15.19,22)
,(719,'Kind Operation Connect',26,15.88,2)
,(720,'Unique Design Flow',26,15.84,20);
INSERT INTO product(id,name,category_id,price,quantity) VALUES
 (721,'Stylish Process Nest',26,17.85,15)
,(722,'Stylish Experience Shift',3,18.66,23)
,(723,'Graceful Experience Line',8,16.28,25)
,(724,'Revitalizing Solution Bridge',18,15.07,19)
,(725,'Incredible File Trace',9,18.68,10)
,(726,'Delightful Innovation Key',19,16.3,3)
,(727,'Mystical Solution Source',27,17.55,20)
,(728,'Zealous Construction Pro',28,13.74,22)
,(729,'Genuine Inventory 360',22,18.14,20)
,(730,'Radiating Cluster Nest',34,15.95,11)
,(731,'Vibrant Project Portal',23,14.1,10)
,(732,'Fantastic Network Unit',29,19.65,25)
,(733,'Unforgettable System Key',17,18.95,12)
,(734,'Uplifting Resource Plus',24,18.36,4)
,(735,'Xenial Artifact Spark',24,14.33,18)
,(736,'Unique Operation 2.0',4,19.59,1)
,(737,'Terrific Utility Flow',16,15,20)
,(738,'Exuberant Concept Network',20,19.12,2)
,(739,'Inspiring Series Network',32,18.65,26)
,(740,'Quirky Instrument Track',1,17.58,25);
INSERT INTO product(id,name,category_id,price,quantity) VALUES
 (741,'Uplifting Docket Circuit',4,15.46,13)
,(742,'Vigorous Entity Link',12,14.21,16)
,(743,'Fabulous Package Flow',9,19.25,16)
,(744,'Genuine Concept Connect',35,14.52,8)
,(745,'Fantastic Apparatus Boost',2,12.24,22)
,(746,'Jubilant Arrangement Prime',22,16.69,4)
,(747,'Magical Specification Nest',6,17.72,1)
,(748,'Elegant Plan One',9,12.11,21)
,(749,'Dreamy Ensemble Source',32,13.69,6)
,(750,'Outstanding Application Apex',5,17.77,9)
,(751,'Noble Paradigm Track',17,16.63,13)
,(752,'Sincere Technology Path',16,19.23,23)
,(753,'Unforgettable Creation Trace',27,16.06,10)
,(754,'Mystical Digest Tribe',11,18.82,7)
,(755,'Vigorous Gadget Smart',32,18.38,4)
,(756,'Open Concept Launch',16,15.6,16)
,(757,'Open Cluster Neo',7,17.01,18)
,(758,'Sensational Digest Vision',36,19.41,15)
,(759,'Tantalizing System Sphere',11,13.33,4)
,(760,'Gleeful Scheme Network',36,13.62,5);
INSERT INTO product(id,name,category_id,price,quantity) VALUES
 (761,'Exuberant Package Nest',28,12.71,19)
,(762,'Vivid Composition X',20,13.43,24)
,(763,'Dazzling Experience Ultra',8,17.79,14)
,(764,'Stylish Resource Flow',35,12.79,20)
,(765,'Brilliant Technology Source',30,12.64,3)
,(766,'Energizing Model Max',30,13.75,18)
,(767,'Kind Digest Link',35,13.66,19)
,(768,'Adventurous Interface Track',35,19.45,16)
,(769,'Playful Record Glide',16,19.38,6)
,(770,'Vivid Bundle Unit',18,16.14,24)
,(771,'Terrific Instrument Plus',17,13.48,22)
,(772,'Witty Inventory 360',36,14.17,1)
,(773,'Awesome Program Quest',29,18.16,5)
,(774,'Creative Directory Elite',10,15.02,1)
,(775,'Charming Venture Launch',25,16.03,23)
,(776,'Optimistic Process One',11,19.53,7)
,(777,'Witty Process Pulse',26,17.5,25)
,(778,'Adventurous Array Edge',32,14.27,7)
,(779,'Remarkable Venture Arc',2,17.97,5)
,(780,'Xenial Selection Spark',34,17.63,5);
INSERT INTO product(id,name,category_id,price,quantity) VALUES
 (781,'Uplifting Device Nest',20,19.13,21)
,(782,'Uplifting Project Focus',36,19.51,2)
,(783,'Fantastic Venture Reach',23,16.47,20)
,(784,'Sassy Compendium Matrix',10,15.37,26)
,(785,'Delightful Series Flow',16,15.9,6)
,(786,'Perfect Architecture Tribe',34,12.21,26)
,(787,'Cool Item Source',5,16.14,14)
,(788,'Jolly Digest Network',12,12.29,9)
,(789,'Uplifting Digest Wave',21,13.88,10)
,(790,'Vibrant Library Ultra',35,19.91,9)
,(791,'Outstanding Technology Wave',33,12.61,2)
,(792,'Brisk Concept One',27,12.05,2)
,(793,'Zesty System Line',18,16.33,22)
,(794,'Brilliant Composition Sync',13,19.02,12)
,(795,'Sassy Inventory Sync',21,15.29,25)
,(796,'Nifty Module Wave',17,14.58,7)
,(797,'Zany Kit Pro',9,13.1,25)
,(798,'Inspiring Interface Track',23,12.98,23)
,(799,'Heavenly Product Connect',6,19.89,6)
,(800,'Genuine Plan Roadmap',18,15.83,19);
INSERT INTO product(id,name,category_id,price,quantity) VALUES
 (801,'Luminous Series Pulse',9,15.94,15)
,(802,'Whimsical Apparatus Pinnacle',35,17.67,11)
,(803,'Trendy Program Vault',35,15.86,21)
,(804,'Unique Series Edge',34,12.92,15)
,(805,'Unforgettable Platform Glide',1,19.88,12)
,(806,'Majestic Apparatus Arc',17,13.53,2)
,(807,'Innovative Service Drive',24,16.96,23)
,(808,'Uplifting System Shift',4,12.22,24)
,(809,'Terrific Specification Unit',4,16.53,12)
,(810,'Uplifting System Neo',6,18.6,3)
,(811,'Impressive Platform Edge',3,12.29,9)
,(812,'Quick Assortment Track',2,18.04,25)
,(813,'Dazzling Module Nest',12,16.82,2)
,(814,'Energizing Tool Gear',32,13.68,24)
,(815,'Mystical Register Pinnacle',27,14.3,25)
,(816,'Fantastic Package Flow',25,20,24)
,(817,'Wholesome Solution Apex',12,12.49,9)
,(818,'Gleeful Engine Glide',1,17.14,19)
,(819,'Optimistic Archives Base',35,14.06,11)
,(820,'Witty Application Vault',11,13.89,7);
INSERT INTO product(id,name,category_id,price,quantity) VALUES
 (821,'Revitalizing Selection Connect',29,15.78,3)
,(822,'Delightful Library 360',14,13.37,20)
,(823,'Zesty Register Zone',35,12.68,2)
,(824,'Unforgettable Concept Key',1,17.87,20)
,(825,'Brilliant Platform Rover',22,17.15,8)
,(826,'Creative Artifact Aura',27,15.89,9)
,(827,'Vibrant Catalog Lite',31,14.93,13)
,(828,'Keen Ensemble Roadmap',20,16.19,12)
,(829,'Sensational Kit Circuit',15,13.58,6)
,(830,'Remarkable Tool Tribe',14,15.62,7)
,(831,'Gleeful Assortment Aura',34,12.67,15)
,(832,'Yummy Bundle Guide',32,13.47,21)
,(833,'Optimistic Technology Vault',25,14.92,5)
,(834,'Open Item Sync',31,13.91,7)
,(835,'Majestic Product Rover',5,17.6,14)
,(836,'Impressive Structure Bridge',21,16.99,24)
,(837,'Astounding Package Track',12,12.3,14)
,(838,'Passionate Ensemble Source',21,13.44,7)
,(839,'Remarkable Project Rover',14,14.84,25)
,(840,'Kooky Product Lite',15,16.82,10);
INSERT INTO product(id,name,category_id,price,quantity) VALUES
 (841,'Luminous Package Wave',2,18.69,19)
,(842,'Zany Solution Unit',23,16.69,25)
,(843,'Optimistic Docket Quest',9,19.18,14)
,(844,'Creative Scheme Line',32,12.65,3)
,(845,'Genuine Resource Edge',35,14.39,8)
,(846,'Mystical Technology Key',1,15.93,22)
,(847,'Courageous Project Circuit',24,15.32,17)
,(848,'Luminous Series Ring',1,13.22,21)
,(849,'Innovative Bundle Circuit',24,17.08,15)
,(850,'Incredible Resource Edge',13,14.86,24)
,(851,'Gorgeous Strategy Trace',18,14.89,16)
,(852,'Terrific Device Lite',16,18.33,7)
,(853,'Majestic Technology Roadmap',30,19.77,8)
,(854,'Noteworthy Cluster Link',15,14.39,17)
,(855,'Optimistic File Trace',5,16.69,8)
,(856,'Zealous Engine Blaze',1,13.9,19)
,(857,'Fantastic Network 360',10,13.25,4)
,(858,'Passionate Design Tribe',32,15.07,7)
,(859,'Kooky Application Rover',8,15.47,15)
,(860,'Astounding Project Stream',34,17.74,9);
INSERT INTO product(id,name,category_id,price,quantity) VALUES
 (861,'Uplifting Selection Circuit',11,17.37,19)
,(862,'Optimistic Solution X',16,17.37,22)
,(863,'Unforgettable Utility Ultra',7,16.39,18)
,(864,'Trendy Interface Channel',3,13.89,25)
,(865,'Wholesome Register Shift',5,17.18,11)
,(866,'Fabulous Interface Vibe',30,14.51,14)
,(867,'Terrific Service Rover',31,20,4)
,(868,'Youthful Array Pinnacle',24,19.51,22)
,(869,'Fantastic Project Flow',26,19.39,23)
,(870,'Fantastic Project Gear',30,19,18)
,(871,'Youthful Artifact Wave',3,12.44,17)
,(872,'Uplifting Venture Boost',36,18.21,14)
,(873,'Fearless Kit Smart',35,19.41,6)
,(874,'Bubbly Repository Reach',22,14.54,11)
,(875,'Quirky Solution Key',24,12.12,12)
,(876,'Zappy Project Shift',23,16.84,12)
,(877,'Xtraordinary Archives Aura',5,16.06,22)
,(878,'Kind Mechanism Point',29,12,18)
,(879,'Fearless Creation Channel',2,13.4,24)
,(880,'Incredible Interface Circuit',9,18.19,22);
INSERT INTO product(id,name,category_id,price,quantity) VALUES
 (881,'Playful Paradigm Focus',23,17.77,24)
,(882,'Bold Entity Edge',5,12.14,21)
,(883,'Dreamy Operation Reach',1,13.03,13)
,(884,'Magical Operation Prime',17,19.21,8)
,(885,'Innovative Collection Sync',33,14.13,16)
,(886,'Xtraordinary Library One',21,15.45,15)
,(887,'Vivid Widget 2.0',28,18,12)
,(888,'Creative Selection Flow',27,15.57,15)
,(889,'Gorgeous System Drive',13,14.79,25)
,(890,'Sassy Lineup Sphere',4,14.1,16)
,(891,'Mystical Paradigm Guide',17,15.02,25)
,(892,'Kinetic Package Drive',18,18.46,14)
,(893,'Xenial System Path',3,13.5,17)
,(894,'Radiant Network Edge',14,14.9,22)
,(895,'Luminous Package Edge',9,18.96,25)
,(896,'Vivid Project Blaze',8,14,12)
,(897,'Perfect Library Zone',31,15.69,19)
,(898,'Optimistic Artifact Reach',31,19.06,21)
,(899,'Harmonious Construction Reach',1,19.39,13)
,(900,'Happy Framework Channel',35,17.82,20);
INSERT INTO product(id,name,category_id,price,quantity) VALUES
 (901,'Noteworthy Arrangement Focus',17,15.97,18)
,(902,'Dreamy Catalog Spark',28,17.29,24)
,(903,'Optimistic Database Link',32,14.82,11)
,(904,'Noble Register Key',8,18.49,21)
,(905,'Yummy Arrangement Spark',22,15.34,26)
,(906,'Impressive Package Plus',26,17.67,25)
,(907,'Open Composition Channel',10,13.79,9)
,(908,'Charming Strategy Fusion',33,14.55,11)
,(909,'Youthful Framework 360',9,13.27,15)
,(910,'Unique Compendium Rover',20,19.67,9)
,(911,'Lively Innovation Wave',32,19.22,20)
,(912,'Optimistic Initiative X',15,14.76,3)
,(913,'Astounding Application Line',17,19.07,21)
,(914,'Zany Solution Line',28,12.92,20)
,(915,'Creative Cluster Wave',21,14.24,8)
,(916,'Cool Widget Arc',21,18.78,2)
,(917,'Quaint Lineup Spark',13,18,6)
,(918,'Trendy Project Glide',16,15.18,10)
,(919,'Kind Selection Blaze',21,17.8,21)
,(920,'Stylish Widget Wave',14,17.03,5);
INSERT INTO product(id,name,category_id,price,quantity) VALUES
 (921,'Zealous Catalog Spark',26,16.39,8)
,(922,'Xtraordinary Framework Link',1,12.23,6)
,(923,'Unique Arrangement Scout',7,18.46,18)
,(924,'Awesome Network Base',21,13.53,18)
,(925,'Passionate Structure Glide',31,19.58,1)
,(926,'Zealous Set Wave',25,16.99,16)
,(927,'Zany Structure Portal',10,15.46,5)
,(928,'Vivid Operation Drive',29,18.23,1)
,(929,'Inspiring Database Nest',13,15.54,3)
,(930,'Gleeful Package Nest',12,13.6,25)
,(931,'Vivacious System 2.0',35,12.68,23)
,(932,'Amazing Architecture Drive',14,14.59,26)
,(933,'Noteworthy Resource Line',27,12.65,22)
,(934,'Outstanding Widget Cloud',15,17.36,13)
,(935,'Kind Initiative Roadmap',4,14.88,17)
,(936,'Astounding Set Circuit',12,19.71,13)
,(937,'Noble Solution Glide',25,17.96,14)
,(938,'Keen Library Launch',26,19.5,13)
,(939,'Brisk Interface Key',27,12.68,20)
,(940,'Kind Solution Fusion',21,19.07,4);
INSERT INTO product(id,name,category_id,price,quantity) VALUES
 (941,'Exuberant Initiative Path',34,14.44,19)
,(942,'Adventurous Array Arc',35,15.05,24)
,(943,'Zesty Record Pro',1,12.84,19)
,(944,'Gorgeous Tool Track',17,19.88,22)
,(945,'Open Compendium Zone',12,14.05,3)
,(946,'Sensational System Reach',3,15.32,21)
,(947,'Dynamic Selection Cloud',5,14.52,20)
,(948,'Whimsical Network Pinnacle',35,17.91,1)
,(949,'Yummy Array Point',27,14.35,18)
,(950,'Uplifting Instrument Edge',11,18.29,19)
,(951,'Youthful Initiative Flow',16,19.71,24)
,(952,'Kind Platform Nest',23,12.71,25)
,(953,'Brilliant Widget Ring',16,15.56,3)
,(954,'Harmonious Program Roadmap',36,19.59,22)
,(955,'Open Inventory Link',7,14.81,13)
,(956,'Radiant Design Sync',24,19.7,12)
,(957,'Gorgeous Tool Aura',9,14.93,11)
,(958,'Charming Product Nest',28,18.03,24)
,(959,'Harmonious Catalog 2.0',30,16.55,26)
,(960,'Vivacious Specification Point',22,19.39,3);
INSERT INTO product(id,name,category_id,price,quantity) VALUES
 (961,'Sassy Gadget Neo',9,12.93,2)
,(962,'Tantalizing Module Tribe',5,14.49,19)
,(963,'Bubbly System Arc',22,15.53,18)
,(964,'Unforgettable Assortment Nest',11,12.25,5)
,(965,'Energizing Engine Base',6,17.49,19)
,(966,'Energizing Ensemble Roadmap',10,18.86,26)
,(967,'Cool Construction Scout',7,13,20)
,(968,'Keen Gadget Ultra',5,19.37,17)
,(969,'Gleeful Repository Aura',3,18.37,6)
,(970,'Charming Scheme Source',16,19.5,15)
,(971,'Brilliant Project Vibe',11,18.21,5)
,(972,'Elegant Architecture Guide',11,15.38,13)
,(973,'Dazzling Assortment Cloud',33,12.72,2)
,(974,'Brisk Library Pro',2,12.96,21)
,(975,'Bubbly Cluster Elite',6,17.95,2)
,(976,'Harmonious Tool Trace',25,14.59,2)
,(977,'Outstanding Design Sphere',27,19.33,10)
,(978,'Magical Library Fusion',29,12.78,13)
,(979,'Remarkable Cluster Blaze',28,13.88,20)
,(980,'Quixotic Framework Pulse',21,13.78,26);
INSERT INTO product(id,name,category_id,price,quantity) VALUES
 (981,'Elegant Engine Wave',33,13.48,25)
,(982,'Terrific Directory Shift',1,17.91,25)
,(983,'Nurturing System Rover',25,18.35,25)
,(984,'Tantalizing Tool Ultra',29,12.18,5)
,(985,'Lively Program Base',7,19.08,24)
,(986,'Inspiring System Flow',7,13.54,17)
,(987,'Zesty Assortment Edge',6,16.81,22)
,(988,'Amazing Process Pinnacle',3,19.9,4)
,(989,'Magnificent Register Pinnacle',21,16.71,4)
,(990,'Playful Architecture Focus',33,12.21,19)
,(991,'Sincere Series Vibe',13,15.38,2)
,(992,'Flamboyant Compendium Max',20,18.19,26)
,(993,'Brilliant Structure Connect',13,16.77,2)
,(994,'Courageous Library Base',13,16.62,23)
,(995,'Majestic Kit Launch',8,19.73,26)
,(996,'Magnificent Cluster Clutch',7,17.49,21)
,(997,'Captivating Venture Tribe',13,15.04,17)
,(998,'Energizing Mechanism Plus',8,18.17,21)
,(999,'Perfect Design Base',6,19.86,22)
,(1000,'Impressive Ensemble Unit',18,15.83,14);
INSERT INTO product(id,name,category_id,price,quantity) VALUES
 (1001,'Zany Docket Hub',30,15.41,3)
,(1002,'Gleeful File One',8,15.14,13)
,(1003,'Gleeful Database One',17,15.58,5)
,(1004,'Astounding Program Peak',30,14.75,14)
,(1005,'Innovative Construction Track',7,14.91,7)
,(1006,'Quixotic Tool Apex',27,17.39,8)
,(1007,'Jubilant Strategy Connect',7,15.35,10)
,(1008,'Zesty System Focus',26,17.3,4)
,(1009,'Lively Construction Blaze',10,19.08,6)
,(1010,'Youthful Concept Elite',2,16.68,26)
,(1011,'Dreamy Operation 360',1,15.4,24)
,(1012,'Unforgettable Product Cloud',29,15.54,21)
,(1013,'Amazing Utility Aura',9,16.94,5)
,(1014,'Elegant Directory Clutch',21,12.04,15)
,(1015,'Nurturing Library Elite',26,18.67,22)
,(1016,'Brilliant Scheme Shift',5,14.41,6)
,(1017,'Genuine Digest Source',18,16.96,14)
,(1018,'Wondrous Scheme Lite',31,17.12,18)
,(1019,'Sensational Archives Trace',29,15.18,10)
,(1020,'Bubbly Creation Gear',4,16.13,16);
INSERT INTO product(id,name,category_id,price,quantity) VALUES
 (1021,'Outstanding Arrangement Neo',20,15.46,8)
,(1022,'Sassy Technology Channel',24,19.96,15)
,(1023,'Fearless Project Edge',15,14.56,25)
,(1024,'Yummy Series Peak',15,18.1,18)
,(1025,'Unforgettable Scheme Wave',7,16.2,20)
,(1026,'Vigorous Kit Plus',4,13.38,5)
,(1027,'Fantastic Application Track',17,12.33,22)
,(1028,'Brilliant Model Bridge',34,17.11,3)
,(1029,'Kooky Architecture Elite',24,16.58,18)
,(1030,'Astounding Inventory Roadmap',21,12.31,23)
,(1031,'Gorgeous Technology Bridge',4,13.14,22)
,(1032,'Zany Technology Smart',14,20,26)
,(1033,'Xtraordinary File Core',12,16.12,3)
,(1034,'Astounding Bundle Vision',27,16.21,15)
,(1035,'Dreamy Blueprint One',36,19.28,24)
,(1036,'Yummy Blueprint Launch',15,15.85,7)
,(1037,'Quick Directory Clutch',24,19.19,1)
,(1038,'Magnificent Concept Wave',36,19.72,8)
,(1039,'Sassy Concept Track',34,18.26,1)
,(1040,'Vibrant Asset Circuit',31,15.03,24);
INSERT INTO product(id,name,category_id,price,quantity) VALUES
 (1041,'Joyful Package Flow',31,15.61,15)
,(1042,'Cool Database Boost',4,19.84,11)
,(1043,'Xenial Module One',16,15.77,4)
,(1044,'Jazzy Repository One',3,19.3,17)
,(1045,'Youthful Arrangement Vault',27,16.71,25)
,(1046,'Playful Database Sphere',14,16.19,3)
,(1047,'Sassy Library Edge',22,18.84,21)
,(1048,'Impressive Artifact Aura',17,14.28,1)
,(1049,'Youthful Network Nest',34,18.94,10)
,(1050,'Optimistic Paradigm Blaze',26,19.42,3)
,(1051,'Lively Design Pro',29,14.99,18)
,(1052,'Fabulous Plan Sync',2,18.56,1)
,(1053,'Bold Concept Apex',27,16.43,13)
,(1054,'Impressive Service Channel',34,15.99,2)
,(1055,'Keen Network X',31,19.68,7)
,(1056,'Noble Framework Arc',10,19.86,13)
,(1057,'Quaint Device Sphere',5,15.45,19)
,(1058,'Radiating Utility Lite',34,13.86,4)
,(1059,'Vigorous Framework Bridge',8,18.58,12)
,(1060,'Fearless Portfolio Vault',14,14.93,3);
INSERT INTO product(id,name,category_id,price,quantity) VALUES
 (1061,'Stylish Instrument Flow',35,13.65,2)
,(1062,'Vibrant Creation Sync',35,17.44,26)
,(1063,'Thrilling Archives Track',28,15.58,15)
,(1064,'Mystical Model Sync',20,18.08,6)
,(1065,'Vigorous Framework X',14,13.78,22)
,(1066,'Passionate Interface Circuit',23,15.96,24)
,(1067,'Yummy Package Tribe',30,14.18,15)
,(1068,'Wholesome Device Channel',19,13.84,13)
,(1069,'Flamboyant Series Point',20,13.83,5)
,(1070,'Terrific Resource Link',26,19.48,16)
,(1071,'Sincere Digest Circuit',29,18,22)
,(1072,'Luminous Plan Cloud',13,14.84,6)
,(1073,'Radiating Catalog Pinnacle',35,16.23,5)
,(1074,'Sincere Module Gear',34,13.06,22)
,(1075,'Whimsical Innovation Pulse',21,14.26,12)
,(1076,'Mystical Device 2.0',2,18.18,5)
,(1077,'Wholesome Operation Base',25,16.15,15)
,(1078,'Jubilant Docket Peak',36,19.87,20)
,(1079,'Zesty Selection Nest',19,13.44,15)
,(1080,'Brisk Compendium Glide',15,17.77,17);
INSERT INTO product(id,name,category_id,price,quantity) VALUES
 (1081,'Wondrous Venture Aura',32,13.21,16)
,(1082,'Noble Application Track',3,15.42,24)
,(1083,'Whimsical Module Boost',34,15.76,8)
,(1084,'Dazzling Program 2.0',19,14.67,21)
,(1085,'Heavenly Ensemble Plus',11,15.09,12)
,(1086,'Luminous Interface Pinnacle',29,18.97,12)
,(1087,'Harmonious Artifact Track',2,16.99,5)
,(1088,'Quirky Framework 360',33,14.83,26)
,(1089,'Mystical Assortment Shift',33,15.64,18)
,(1090,'Optimistic Series Lite',31,17.89,10)
,(1091,'Effervescent Database Source',4,18.21,19)
,(1092,'Cool Creation Pulse',9,18.02,5)
,(1093,'Playful Archives Plus',28,19.33,3)
,(1094,'Lovely Construction Wave',22,12.42,15)
,(1095,'Kooky Project One',32,13.42,21)
,(1096,'Jolly Strategy Pinnacle',2,13.16,6)
,(1097,'Astounding Gadget One',25,12.85,2)
,(1098,'Jubilant Plan Focus',35,18.25,13)
,(1099,'Xenial Utility Matrix',36,17.98,19)
,(1100,'Quick Framework Spark',20,14.35,4);
INSERT INTO product(id,name,category_id,price,quantity) VALUES
 (1101,'Radiating Series Glide',28,18.96,16)
,(1102,'Joyful Docket Nest',23,19.07,14)
,(1103,'Kooky Cluster Point',34,13,8)
,(1104,'Flamboyant Formation Portal',33,14.07,10)
,(1105,'Bold Digest Elite',8,18.18,18)
,(1106,'Jolly System Glide',28,17.25,14)
,(1107,'Zappy Platform Nest',23,12.17,6)
,(1108,'Energizing Record Quest',28,17.34,13)
,(1109,'Optimistic Library Peak',10,14.29,2)
,(1110,'Incredible Operation Ring',4,13.04,21)
,(1111,'Xenial Interface Core',21,13.24,4)
,(1112,'Fearless Item Track',11,17.28,24)
,(1113,'Adventurous Utility Network',2,14.56,17)
,(1114,'Brilliant System Cloud',27,14.18,10)
,(1115,'Wholesome Compendium Edge',5,13.62,6)
,(1116,'Luminous Mechanism Shift',27,16.47,22)
,(1117,'Stylish Scheme Aura',36,19.24,15)
,(1118,'Adventurous Series Wave',1,13.96,20)
,(1119,'Optimistic Interface Pinnacle',30,14.71,13)
,(1120,'Incredible Lineup Sphere',32,15.35,7);
INSERT INTO product(id,name,category_id,price,quantity) VALUES
 (1121,'Creative Program Drive',30,16.8,3)
,(1122,'Quick Collection Ring',5,17.29,20)
,(1123,'Sincere Application Bridge',12,15.11,19)
,(1124,'Optimistic Ensemble Matrix',25,17.07,18)
,(1125,'Magical Framework Boost',19,15.79,4)
,(1126,'Amazing Kit 2.0',23,16.36,10)
,(1127,'Tantalizing Docket Ring',9,19.25,3)
,(1128,'Fabulous Package Aura',33,14.6,19)
,(1129,'Terrific Instrument Shift',11,15.72,26)
,(1130,'Exuberant Engine Portal',35,16.52,14)
,(1131,'Brisk Apparatus Pro',19,19.27,23)
,(1132,'Keen Kit Tribe',18,15.17,14)
,(1133,'Effervescent Gadget Vault',19,17.86,5)
,(1134,'Sensational Directory Vibe',14,17.42,15)
,(1135,'Elegant Engine Nest',36,17.18,8)
,(1136,'Youthful Venture Prime',18,17.15,3)
,(1137,'Courageous Widget Stream',16,15.37,20)
,(1138,'Noble Widget Scout',17,13.74,2)
,(1139,'Vigorous Widget 2.0',15,12.74,22)
,(1140,'Wondrous Record Hub',31,13.07,25);
INSERT INTO product(id,name,category_id,price,quantity) VALUES
 (1141,'Magical Element Channel',4,13.13,10)
,(1142,'Brisk Portfolio Smart',30,19.21,8)
,(1143,'Passionate Directory Wave',21,14.63,1)
,(1144,'Unforgettable Solution Gear',21,18.44,23)
,(1145,'Dreamy Portfolio Nest',1,17.26,7)
,(1146,'Zappy File Lite',6,14.94,8)
,(1147,'Nurturing Docket Base',4,14.94,4)
,(1148,'Zany Design Nest',17,12.16,21)
,(1149,'Genuine Blueprint Channel',13,19.5,12)
,(1150,'Lovely Set Core',13,14.71,1)
,(1151,'Xtraordinary Concept Pro',5,13.39,26)
,(1152,'Incredible Concept Apex',35,19.51,23)
,(1153,'Awesome Composition Guide',16,13.32,15)
,(1154,'Zappy Portfolio Track',35,18.52,10)
,(1155,'Uplifting Model Unit',18,18.66,6)
,(1156,'Flamboyant Record Wave',18,18.19,5)
,(1157,'Fearless Selection Edge',2,13.87,2)
,(1158,'Energizing Operation Connect',31,16.36,21)
,(1159,'Whimsical Device Vibe',32,13.64,5)
,(1160,'Joyful Project Plus',29,14.48,14);
INSERT INTO product(id,name,category_id,price,quantity) VALUES
 (1161,'Creative Program Channel',8,15.5,18)
,(1162,'Uplifting Formation Shift',33,12.62,13)
,(1163,'Unforgettable Series Nest',10,15.27,17)
,(1164,'Zany Portfolio Channel',14,13.09,8)
,(1165,'Stylish System Rover',36,19.79,1)
,(1166,'Noble Plan Glide',28,17.28,26)
,(1167,'Noble Item 360',6,17.62,22)
,(1168,'Dreamy Design Shift',20,14.67,23)
,(1169,'Tantalizing Program Vibe',28,13.71,26)
,(1170,'Zesty Composition Peak',35,13.51,8)
,(1171,'Revitalizing Lineup Matrix',2,14.53,17)
,(1172,'Zealous Application Reach',27,17.91,1)
,(1173,'Sassy System Ultra',28,15.88,15)
,(1174,'Delightful Paradigm Boost',7,15.93,18)
,(1175,'Awesome Utility Pro',5,15.98,19)
,(1176,'Charming Creation Vision',33,17.62,23)
,(1177,'Kinetic Venture Arc',16,16.26,6)
,(1178,'Limitless Specification Matrix',22,13.48,14)
,(1179,'Joyful Concept Reach',2,17.17,22)
,(1180,'Thrilling Program Spark',5,15.52,11);
INSERT INTO product(id,name,category_id,price,quantity) VALUES
 (1181,'Vivid System Spark',2,19.24,8)
,(1182,'Perfect Construction Link',11,14.71,16)
,(1183,'Jazzy Creation Matrix',22,15.08,4)
,(1184,'Majestic Library Focus',30,17.17,22)
,(1185,'Nurturing Item Connect',28,17.73,7)
,(1186,'Zappy Paradigm Focus',24,15.21,2)
,(1187,'Awesome Selection Nest',13,16.33,15)
,(1188,'Outstanding Tool Nest',30,15.85,8)
,(1189,'Revitalizing Package Nest',24,15.37,14)
,(1190,'Joyful Experience Glide',20,16.21,12)
,(1191,'Luminous Portfolio Vision',1,13.57,12)
,(1192,'Noteworthy Operation Drive',20,17.96,8)
,(1193,'Mystical Series Core',22,15.48,15)
,(1194,'Adventurous Initiative Ring',29,12.16,10)
,(1195,'Revitalizing Composition Nest',14,15.56,11)
,(1196,'Incredible Creation Reach',34,14.91,25)
,(1197,'Brilliant Array Focus',9,16.58,5)
,(1198,'Kinetic Technology Source',5,15.15,17)
,(1199,'Fabulous Database Nest',19,14.42,5)
,(1200,'Yummy Experience Plus',27,14.07,13);
INSERT INTO product(id,name,category_id,price,quantity) VALUES
 (1201,'Kind Structure Guide',35,17.55,5)
,(1202,'Mystical Compendium Clutch',7,19.09,8)
,(1203,'Sassy Technology Base',15,17.63,9)
,(1204,'Lovely Compendium Spark',25,14.33,26)
,(1205,'Majestic Widget Smart',34,15.33,21)
,(1206,'Jazzy System Point',33,17.6,23)
,(1207,'Graceful Specification Nest',27,19.76,25)
,(1208,'Bubbly Instrument Shift',23,12.44,24)
,(1209,'Dynamic Solution Network',33,14.12,23)
,(1210,'Youthful Register Wave',28,17.05,17)
,(1211,'Dreamy Technology Smart',11,12.49,26)
,(1212,'Harmonious Selection 2.0',20,19.3,20)
,(1213,'Graceful Catalog Zone',9,13.63,7)
,(1214,'Heavenly Engine Zone',35,19.99,18)
,(1215,'Cool Engine Zone',3,17.16,4)
,(1216,'Zealous System Smart',21,12.09,7)
,(1217,'Happy Instrument Connect',17,14.89,24)
,(1218,'Uplifting Concept Source',15,14.41,3)
,(1219,'Kinetic Bundle Ring',3,14.19,26)
,(1220,'Remarkable Inventory Arc',16,18.59,25);
INSERT INTO product(id,name,category_id,price,quantity) VALUES
 (1221,'Radiant Engine Sync',5,14.35,1)
,(1222,'Astounding Repository Stream',21,15.49,2)
,(1223,'Fantastic Product Shift',29,18.73,7)
,(1224,'Uplifting System Circuit',20,16.06,1)
,(1225,'Harmonious System Wave',1,16.81,15)
,(1226,'Vibrant Technology Focus',27,19.34,25)
,(1227,'Dreamy Widget Glide',33,17.59,10)
,(1228,'Youthful Blueprint Hub',26,16.03,16)
,(1229,'Exuberant Formation 2.0',5,18.17,20)
,(1230,'Bold Creation Zone',33,13.62,17)
,(1231,'Astounding Framework Stream',10,18.92,6)
,(1232,'Wondrous Scheme Quest',11,15.6,2)
,(1233,'Energizing Assortment Base',3,18.08,9)
,(1234,'Noble Blueprint Quest',12,16.06,20)
,(1235,'Dazzling Library Neo',2,14.99,10)
,(1236,'Zappy Portfolio Sphere',33,18.13,23)
,(1237,'Gorgeous Artifact Fusion',6,15.5,6)
,(1238,'Thrilling Entity Edge',26,13.56,10)
,(1239,'Flamboyant Register Ring',7,15.06,26)
,(1240,'Charming Engine Flow',30,18.61,26);
INSERT INTO product(id,name,category_id,price,quantity) VALUES
 (1241,'Remarkable Selection Path',24,15.79,22)
,(1242,'Sincere Creation Point',26,16.94,22)
,(1243,'Kinetic Venture Guide',4,19.05,10)
,(1244,'Kinetic Element Network',25,13.88,14)
,(1245,'Kooky Concept Cloud',24,14.82,11)
,(1246,'Optimistic Blueprint Wave',29,13.79,19)
,(1247,'Energizing Interface Flow',27,12.94,22)
,(1248,'Brisk Device Point',9,13.82,20)
,(1249,'Playful Item Pro',32,18.43,7)
,(1250,'Dreamy Cluster Vision',17,19.18,22)
,(1251,'Quick Package Nest',9,17.97,8)
,(1252,'Yummy Directory Guide',11,19.97,12)
,(1253,'Zealous Package Focus',25,12.32,3)
,(1254,'Keen Construction 2.0',3,13.49,19)
,(1255,'Effervescent Project X',26,13.78,14)
,(1256,'Zappy Kit Sync',27,17.81,11)
,(1257,'Jubilant Blueprint Track',15,13.45,24)
,(1258,'Quirky Archives Vibe',33,19.73,17)
,(1259,'Limitless Specification Vibe',14,18.63,15)
,(1260,'Tantalizing Venture One',8,13.96,8);
INSERT INTO product(id,name,category_id,price,quantity) VALUES
 (1261,'Energizing Selection Focus',20,19.69,21)
,(1262,'Elegant Resource Vault',7,18.76,24)
,(1263,'Vibrant Resource Spark',16,18.48,22)
,(1264,'Magical Technology Ultra',20,16.72,7)
,(1265,'Inspiring Scheme Wave',36,18.67,13)
,(1266,'Limitless Digest Reach',29,17.48,18)
,(1267,'Open Scheme Max',18,19.26,25)
,(1268,'Awesome Scheme Flow',1,12.84,5)
,(1269,'Noble Venture Shift',21,19.86,12)
,(1270,'Magical Selection Arc',22,18.66,10)
,(1271,'Incredible Widget Cloud',21,15.27,20)
,(1272,'Kooky Platform Vibe',33,19.55,16)
,(1273,'Zany Solution Ring',1,17,5)
,(1274,'Youthful Bundle Ring',33,16.56,24)
,(1275,'Kinetic Element Flow',34,17.82,21)
,(1276,'Elegant Engine Matrix',2,15.94,11)
,(1277,'Youthful Database 360',28,16.22,11);
INSERT INTO user(id,name,role) VALUES
 (1,'Rosie Cooper','CUSTOMER')
,(2,'Winifred Clay','CUSTOMER')
,(3,'Chris Bright','CUSTOMER')
,(4,'Branch Leonard','CUSTOMER')
,(5,'Alyssa Bradley','CUSTOMER')
,(6,'Ball Hutchinson','CUSTOMER')
,(7,'Lilian Bush','CUSTOMER')
,(8,'King Santos','CUSTOMER')
,(9,'Fannie Sears','ADMIN')
,(10,'Bean Barrett','CUSTOMER')
,(11,'Gallegos Terrell','CUSTOMER')
,(12,'Hebert Boone','CUSTOMER')
,(13,'Jefferson Le','CUSTOMER')
,(14,'Michele Allison','CUSTOMER')
,(15,'Ann Farrell','CUSTOMER')
,(16,'Mcmillan Reyes','CUSTOMER')
,(17,'Quinn Irwin','CUSTOMER')
,(18,'Michael Morales','CUSTOMER')
,(19,'Barnett Dejesus','CUSTOMER')
,(20,'Reese Fitzgerald','CUSTOMER');
INSERT INTO user(id,name,role) VALUES
 (21,'Cox Gonzalez','CUSTOMER')
,(22,'Boone Malone','CUSTOMER')
,(23,'Noble Ferrell','CUSTOMER')
,(24,'Cathy Pope','CUSTOMER')
,(25,'Navarro Sherman','CUSTOMER')
,(26,'Lauren Wilcox','CUSTOMER')
,(27,'Richardson Hogan','CUSTOMER')
,(28,'Hardin Burton','CUSTOMER')
,(29,'Garcia Phelps','CUSTOMER')
,(30,'Dalton Massey','CUSTOMER')
,(31,'Caitlin Steele','CUSTOMER')
,(32,'Melody Fuller','CUSTOMER')
,(33,'Benjamin Wood','CUSTOMER')
,(34,'Cameron Randall','CUSTOMER')
,(35,'Atkins Johnston','CUSTOMER')
,(36,'Lester Cotton','CUSTOMER')
,(37,'Zamora Osborn','CUSTOMER')
,(38,'Julie Ingram','CUSTOMER')
,(39,'Gutierrez Ball','CUSTOMER')
,(40,'Misty Villarreal','CUSTOMER');
INSERT INTO user(id,name,role) VALUES
 (41,'Mcdowell Hall','CUSTOMER')
,(42,'Violet Lang','CUSTOMER')
,(43,'Velez Palmer','CUSTOMER')
,(44,'Christa Williams','CUSTOMER')
,(45,'Crosby Murray','CUSTOMER')
,(46,'Hernandez Stone','CUSTOMER')
,(47,'Lisa Daugherty','CUSTOMER')
,(48,'Joyner Nixon','CUSTOMER')
,(49,'Terrie Leblanc','CUSTOMER')
,(50,'Alyson Foley','CUSTOMER')
,(51,'Bryant Simmons','CUSTOMER')
,(52,'Nadine Bartlett','CUSTOMER')
,(53,'Hensley Stephenson','CUSTOMER')
,(54,'Sanders Rivas','CUSTOMER')
,(55,'Marci Franklin','CUSTOMER')
,(56,'Cecelia Knowles','CUSTOMER')
,(57,'Kenya Lester','CUSTOMER')
,(58,'Harding Schwartz','CUSTOMER')
,(59,'Ratliff Wells','CUSTOMER')
,(60,'Hayden Olsen','CUSTOMER');
INSERT INTO user(id,name,role) VALUES
 (61,'Lewis Mays','CUSTOMER')
,(62,'Ochoa Pierce','CUSTOMER')
,(63,'Patton Hewitt','CUSTOMER')
,(64,'Deanne Frye','CUSTOMER')
,(65,'Augusta Stanley','CUSTOMER')
,(66,'Winnie Dunn','CUSTOMER')
,(67,'Mckee Whitaker','CUSTOMER')
,(68,'Kennedy Lucas','CUSTOMER')
,(69,'Hartman Slater','CUSTOMER')
,(70,'Concepcion Shepard','CUSTOMER')
,(71,'Snyder Brewer','CUSTOMER')
,(72,'Holloway Hamilton','CUSTOMER')
,(73,'Joan Juarez','CUSTOMER')
,(74,'Lopez Donaldson','CUSTOMER')
,(75,'Bessie Wall','CUSTOMER')
,(76,'Tonia Crawford','CUSTOMER')
,(77,'Tate Drake','CUSTOMER')
,(78,'Weaver Benjamin','CUSTOMER')
,(79,'Pittman Hodge','CUSTOMER')
,(80,'Blackwell Alston','CUSTOMER');
INSERT INTO user(id,name,role) VALUES
 (81,'Brady Kelly','CUSTOMER')
,(82,'Cobb Hendricks','CUSTOMER')
,(83,'Luisa Gordon','CUSTOMER')
,(84,'Valeria Atkins','CUSTOMER')
,(85,'Collier Kinney','CUSTOMER')
,(86,'Clay Bean','CUSTOMER')
,(87,'Cristina Sanford','CUSTOMER')
,(88,'Perez Reynolds','CUSTOMER')
,(89,'Pickett Anderson','CUSTOMER')
,(90,'Mckinney Cannon','CUSTOMER')
,(91,'Medina Ware','CUSTOMER')
,(92,'Oneil York','CUSTOMER')
,(93,'Britney Barr','CUSTOMER')
,(94,'Winters Jimenez','CUSTOMER')
,(95,'Hendricks Matthews','CUSTOMER')
,(96,'Brandy Hansen','CUSTOMER')
,(97,'Anna Mcfadden','CUSTOMER')
,(98,'Key Mcintyre','CUSTOMER')
,(99,'Rowena Mcgowan','ADMIN')
,(100,'Aida Alvarado','CUSTOMER');
INSERT INTO user(id,name,role) VALUES
 (101,'Simone Mills','CUSTOMER')
,(102,'Delores Bradshaw','CUSTOMER')
,(103,'Janette Adams','CUSTOMER')
,(104,'Buck Fox','CUSTOMER')
,(105,'Beulah Parsons','CUSTOMER')
,(106,'Franklin Joseph','CUSTOMER')
,(107,'Workman Valencia','CUSTOMER')
,(108,'Ballard Melton','CUSTOMER')
,(109,'Perkins Klein','CUSTOMER')
,(110,'Hilda Christensen','CUSTOMER')
,(111,'Doris Fischer','CUSTOMER')
,(112,'Pam Pittman','CUSTOMER')
,(113,'Blackburn Eaton','CUSTOMER')
,(114,'Pearlie Combs','CUSTOMER')
,(115,'Reva Higgins','CUSTOMER')
,(116,'Marquez Becker','CUSTOMER')
,(117,'Castillo Cole','CUSTOMER')
,(118,'Flossie Terry','CUSTOMER')
,(119,'Lelia Sims','CUSTOMER')
,(120,'Bernard Flores','CUSTOMER');
INSERT INTO user(id,name,role) VALUES
 (121,'Luann Newton','CUSTOMER')
,(122,'Whitney Hughes','CUSTOMER')
,(123,'Deena Pena','CUSTOMER')
,(124,'Magdalena Goodman','CUSTOMER')
,(125,'Lana Velez','CUSTOMER')
,(126,'Lane Anthony','CUSTOMER')
,(127,'Sabrina Farley','CUSTOMER')
,(128,'Buckley Dean','CUSTOMER')
,(129,'Bowman Kerr','CUSTOMER')
,(130,'Chasity Winters','CUSTOMER')
,(131,'Manuela Foreman','CUSTOMER')
,(132,'Brown Hudson','CUSTOMER')
,(133,'Mullen Ellis','CUSTOMER')
,(134,'May Howard','CUSTOMER')
,(135,'Rosario Mosley','CUSTOMER')
,(136,'Petty Bates','CUSTOMER')
,(137,'Baker Bauer','CUSTOMER')
,(138,'Dora George','CUSTOMER')
,(139,'Hayes Guzman','CUSTOMER')
,(140,'Teresa Riley','CUSTOMER');
INSERT INTO user(id,name,role) VALUES
 (141,'Marcia Spencer','CUSTOMER')
,(142,'Constance Miller','CUSTOMER')
,(143,'Charlotte Pitts','CUSTOMER')
,(144,'Effie Baker','CUSTOMER')
,(145,'Wilkinson Haley','CUSTOMER')
,(146,'Latoya Murphy','CUSTOMER')
,(147,'Lakisha Rosario','CUSTOMER')
,(148,'Noreen Dalton','CUSTOMER')
,(149,'Hester Gibson','CUSTOMER')
,(150,'Raymond Potts','CUSTOMER')
,(151,'Luz Mccall','CUSTOMER')
,(152,'Velasquez Conner','CUSTOMER')
,(153,'Kemp Joyner','CUSTOMER')
,(154,'Hallie Robles','CUSTOMER')
,(155,'Margery Mccoy','CUSTOMER')
,(156,'Cheri Mullen','CUSTOMER')
,(157,'Waller Glass','CUSTOMER')
,(158,'Nguyen Roberts','CUSTOMER')
,(159,'Bradley Kennedy','CUSTOMER')
,(160,'Bethany Fleming','CUSTOMER');
INSERT INTO user(id,name,role) VALUES
 (161,'Elisabeth Mcgee','CUSTOMER')
,(162,'Mullins Osborne','CUSTOMER')
,(163,'Tonya Lopez','CUSTOMER')
,(164,'Marva Haynes','CUSTOMER')
,(165,'Claire Sanders','CUSTOMER')
,(166,'Lauri Thomas','CUSTOMER')
,(167,'Gonzales Richmond','CUSTOMER')
,(168,'Tyson Chavez','CUSTOMER')
,(169,'Sutton Brooks','CUSTOMER')
,(170,'Avila Moses','CUSTOMER')
,(171,'Cruz Warren','CUSTOMER')
,(172,'Dorothea Stout','CUSTOMER')
,(173,'Nona Downs','CUSTOMER')
,(174,'Mayra Clayton','CUSTOMER')
,(175,'Pat Riggs','CUSTOMER')
,(176,'Cantrell Vaughn','CUSTOMER')
,(177,'Norma Crane','CUSTOMER')
,(178,'Moon Crosby','CUSTOMER')
,(179,'Page Mann','CUSTOMER')
,(180,'Cohen Gay','CUSTOMER');
INSERT INTO user(id,name,role) VALUES
 (181,'Deborah Mcneil','CUSTOMER')
,(182,'Kinney Barlow','CUSTOMER')
,(183,'Woods Perry','CUSTOMER')
,(184,'Leon Jenkins','CUSTOMER')
,(185,'Essie David','CUSTOMER')
,(186,'Hazel Mcmahon','CUSTOMER')
,(187,'Schmidt Ramirez','CUSTOMER')
,(188,'Foreman Nieves','CUSTOMER')
,(189,'Darcy Weaver','CUSTOMER')
,(190,'Chapman Faulkner','CUSTOMER')
,(191,'Elsa Waters','CUSTOMER')
,(192,'Cassie Keller','CUSTOMER')
,(193,'Nelson Mccarty','CUSTOMER')
,(194,'Weiss Cooley','CUSTOMER')
,(195,'Rasmussen Russell','CUSTOMER')
,(196,'Lynn Solis','CUSTOMER')
,(197,'Wolf Dennis','CUSTOMER')
,(198,'Cortez Byers','CUSTOMER')
,(199,'Ortiz Moreno','CUSTOMER')
,(200,'Chen Conway','CUSTOMER');
INSERT INTO user(id,name,role) VALUES
 (201,'Hope Rasmussen','CUSTOMER')
,(202,'Dotson Jordan','CUSTOMER')
,(203,'Milagros Campos','CUSTOMER')
,(204,'Hancock Pruitt','CUSTOMER')
,(205,'Dolly Black','CUSTOMER')
,(206,'Frieda Small','CUSTOMER')
,(207,'Davenport Carlson','CUSTOMER')
,(208,'Bartlett Jarvis','CUSTOMER')
,(209,'Hurley Glenn','CUSTOMER')
,(210,'Witt Navarro','CUSTOMER')
,(211,'Reilly Burns','CUSTOMER')
,(212,'Barbra Santiago','CUSTOMER')
,(213,'Durham Dillon','CUSTOMER')
,(214,'Lola Noble','CUSTOMER')
,(215,'Cherry Garcia','CUSTOMER')
,(216,'Silva Head','CUSTOMER')
,(217,'Katie Hernandez','CUSTOMER')
,(218,'Barlow Wilder','CUSTOMER')
,(219,'Meredith Hill','CUSTOMER')
,(220,'Samantha Woods','CUSTOMER');
INSERT INTO user(id,name,role) VALUES
 (221,'Huffman Whitney','CUSTOMER')
,(222,'Silvia Rose','CUSTOMER')
,(223,'Cooper Moran','CUSTOMER')
,(224,'Hughes Cameron','CUSTOMER')
,(225,'Leah Simpson','CUSTOMER')
,(226,'Krystal Roth','CUSTOMER')
,(227,'Roseann Donovan','CUSTOMER')
,(228,'Martin Jefferson','CUSTOMER')
,(229,'Ollie Owen','CUSTOMER')
,(230,'Santiago Pratt','CUSTOMER')
,(231,'Odonnell Byrd','CUSTOMER')
,(232,'Fox Weeks','CUSTOMER')
,(233,'Yvonne Reeves','CUSTOMER')
,(234,'Stone Wheeler','CUSTOMER')
,(235,'Georgina Webster','CUSTOMER')
,(236,'Leach Deleon','CUSTOMER')
,(237,'Lela Myers','CUSTOMER')
,(238,'Vivian Burnett','CUSTOMER')
,(239,'Audra Sparks','CUSTOMER')
,(240,'Hampton Johnson','CUSTOMER');
INSERT INTO user(id,name,role) VALUES
 (241,'Stacy Mejia','CUSTOMER')
,(242,'Burch Sheppard','CUSTOMER')
,(243,'Lott Beard','CUSTOMER')
,(244,'Coffey Lancaster','CUSTOMER')
,(245,'Murphy Bernard','CUSTOMER')
,(246,'Mercedes Burt','CUSTOMER')
,(247,'Tanisha Pollard','CUSTOMER')
,(248,'Joseph Perkins','CUSTOMER')
,(249,'Underwood Weber','CUSTOMER')
,(250,'Doyle Kent','CUSTOMER')
,(251,'Bertha Espinoza','CUSTOMER')
,(252,'Gaines Hull','CUSTOMER')
,(253,'Freida Oneill','CUSTOMER')
,(254,'Graham Martinez','CUSTOMER')
,(255,'Susan Chandler','CUSTOMER')
,(256,'Glass Mclean','CUSTOMER')
,(257,'Suzanne Carver','CUSTOMER')
,(258,'Levy Rutledge','CUSTOMER')
,(259,'Lindsey Velasquez','CUSTOMER')
,(260,'Lyons Skinner','CUSTOMER');
INSERT INTO user(id,name,role) VALUES
 (261,'Olivia Gill','CUSTOMER')
,(262,'Alta Garrison','CUSTOMER')
,(263,'Donovan Ryan','CUSTOMER')
,(264,'Mallory Nash','CUSTOMER')
,(265,'Rita Larson','CUSTOMER')
,(266,'Shaw Albert','CUSTOMER')
,(267,'Stark Caldwell','CUSTOMER')
,(268,'Holcomb Davis','CUSTOMER')
,(269,'Peters Hyde','CUSTOMER')
,(270,'Guerra Yang','CUSTOMER')
,(271,'Mcgee Oneal','CUSTOMER')
,(272,'Schroeder Ramos','CUSTOMER')
,(273,'Bonita Guy','CUSTOMER')
,(274,'Preston Robertson','CUSTOMER')
,(275,'Noemi English','CUSTOMER')
,(276,'Sally Prince','CUSTOMER')
,(277,'Le Underwood','CUSTOMER')
,(278,'Wheeler Beasley','CUSTOMER')
,(279,'Burns Watson','CUSTOMER')
,(280,'Denise Evans','CUSTOMER');
INSERT INTO user(id,name,role) VALUES
 (281,'Campos Miranda','CUSTOMER')
,(282,'Patrica Humphrey','CUSTOMER')
,(283,'Gill Garza','CUSTOMER')
,(284,'Hattie Booth','CUSTOMER')
,(285,'Bonner Merrill','CUSTOMER')
,(286,'Reba Sweet','CUSTOMER')
,(287,'Becker Levy','CUSTOMER')
,(288,'Savannah Castillo','CUSTOMER')
,(289,'Carroll Tucker','CUSTOMER')
,(290,'England Hinton','CUSTOMER')
,(291,'Hamilton Abbott','CUSTOMER')
,(292,'Richard Witt','CUSTOMER')
,(293,'Lesa Gilbert','CUSTOMER')
,(294,'Harper Butler','CUSTOMER')
,(295,'Juanita Dunlap','CUSTOMER')
,(296,'Lindsay Hancock','CUSTOMER')
,(297,'Donaldson Pennington','CUSTOMER')
,(298,'Margo Franco','CUSTOMER')
,(299,'Campbell Shaw','CUSTOMER')
,(300,'Dionne Shaffer','CUSTOMER');
INSERT INTO user(id,name,role) VALUES
 (301,'Linda Bowen','CUSTOMER')
,(302,'Pena Wise','CUSTOMER')
,(303,'Sawyer Romero','CUSTOMER')
,(304,'Faulkner Mcclure','CUSTOMER')
,(305,'Frankie Lyons','CUSTOMER')
,(306,'Sophia Tillman','CUSTOMER')
,(307,'Cathleen Salas','CUSTOMER')
,(308,'Langley West','CUSTOMER')
,(309,'Tricia Ballard','CUSTOMER')
,(310,'Anastasia Wilkins','CUSTOMER')
,(311,'Neva Cherry','CUSTOMER')
,(312,'Head Mcpherson','CUSTOMER')
,(313,'Harmon Morrow','CUSTOMER')
,(314,'Olsen Bailey','CUSTOMER')
,(315,'Tyler Rich','CUSTOMER')
,(316,'Rosalie Mayer','CUSTOMER')
,(317,'Edna Guerrero','CUSTOMER')
,(318,'Ella King','CUSTOMER')
,(319,'Shepard Pearson','CUSTOMER')
,(320,'Warner Stafford','CUSTOMER');
INSERT INTO user(id,name,role) VALUES
 (321,'Owen Finch','CUSTOMER')
,(322,'Rochelle Norton','CUSTOMER')
,(323,'Townsend Clark','CUSTOMER')
,(324,'Logan Decker','CUSTOMER')
,(325,'Velma Waller','CUSTOMER')
,(326,'Humphrey Whitley','CUSTOMER')
,(327,'Faith Munoz','CUSTOMER')
,(328,'Addie Reese','CUSTOMER')
,(329,'Rhodes Carney','CUSTOMER')
,(330,'Hanson Perez','CUSTOMER')
,(331,'Katy Price','CUSTOMER')
,(332,'Vargas Cline','CUSTOMER')
,(333,'Trevino Bowman','CUSTOMER')
,(334,'Holly Leach','CUSTOMER')
,(335,'Callie Gilmore','CUSTOMER')
,(336,'Jackie Armstrong','CUSTOMER')
,(337,'Courtney Gonzales','CUSTOMER')
,(338,'Gayle Lambert','CUSTOMER')
,(339,'Dana Petty','CUSTOMER')
,(340,'Nicole Gilliam','CUSTOMER');
INSERT INTO user(id,name,role) VALUES
 (341,'Marion Grant','CUSTOMER')
,(342,'Kathie Valdez','CUSTOMER')
,(343,'Spencer Barron','CUSTOMER')
,(344,'Sellers Ramsey','CUSTOMER')
,(345,'Adela Rowland','CUSTOMER')
,(346,'Short Shepherd','CUSTOMER')
,(347,'Leanne Dickson','CUSTOMER')
,(348,'Ramirez Gallegos','CUSTOMER')
,(349,'Diaz Castro','CUSTOMER')
,(350,'Sophie Hoffman','CUSTOMER')
,(351,'Wendy Middleton','CUSTOMER')
,(352,'Mosley Richards','CUSTOMER')
,(353,'Mcclain Houston','CUSTOMER')
,(354,'Conner Carpenter','CUSTOMER')
,(355,'Sloan Mendoza','CUSTOMER')
,(356,'Whitfield Robinson','CUSTOMER')
,(357,'Pearl Hart','CUSTOMER')
,(358,'Bernice Morrison','CUSTOMER')
,(359,'Berg England','CUSTOMER')
,(360,'Kim Howell','CUSTOMER');
INSERT INTO user(id,name,role) VALUES
 (361,'Alicia Berger','CUSTOMER')
,(362,'Griffith Parks','CUSTOMER')
,(363,'Roxanne Talley','CUSTOMER')
,(364,'Love Long','CUSTOMER')
,(365,'Gabriela Preston','CUSTOMER')
,(366,'Margarita Mckinney','CUSTOMER')
,(367,'Natalie Landry','CUSTOMER')
,(368,'Jennings Campbell','CUSTOMER')
,(369,'Robyn Lewis','CUSTOMER')
,(370,'Arlene Keith','CUSTOMER')
,(371,'Patsy Maxwell','CUSTOMER')
,(372,'Alexandra Green','CUSTOMER')
,(373,'Schneider Vaughan','CUSTOMER')
,(374,'Susie Douglas','CUSTOMER')
,(375,'Hopkins Rodriguez','CUSTOMER')
,(376,'Chelsea Solomon','CUSTOMER')
,(377,'Concetta Hammond','CUSTOMER')
,(378,'Robbins Heath','CUSTOMER')
,(379,'Todd Schroeder','CUSTOMER')
,(380,'Sharron Cunningham','CUSTOMER');
INSERT INTO user(id,name,role) VALUES
 (381,'Ayala Kim','CUSTOMER')
,(382,'Harrington Dodson','CUSTOMER')
,(383,'Castro Callahan','CUSTOMER')
,(384,'Maddox Golden','CUSTOMER')
,(385,'Rosemarie Pugh','CUSTOMER')
,(386,'Arnold Watts','CUSTOMER')
,(387,'Rogers Harrell','CUSTOMER')
,(388,'Sexton Duncan','CUSTOMER')
,(389,'Ford Berry','CUSTOMER')
,(390,'Chandler Jacobson','CUSTOMER')
,(391,'Nola Ray','CUSTOMER')
,(392,'James Trujillo','CUSTOMER')
,(393,'Shauna Camacho','CUSTOMER')
,(394,'Macias Hickman','CUSTOMER')
,(395,'Gladys Hopper','CUSTOMER')
,(396,'Pitts Barker','CUSTOMER')
,(397,'Rich Walker','CUSTOMER')
,(398,'Justice Delgado','CUSTOMER')
,(399,'Pate Phillips','CUSTOMER')
,(400,'Walls Trevino','CUSTOMER');
INSERT INTO user(id,name,role) VALUES
 (401,'Bobbie Andrews','CUSTOMER')
,(402,'Marina Harper','CUSTOMER')
,(403,'Mclaughlin Bender','CUSTOMER')
,(404,'Lloyd Hubbard','CUSTOMER')
,(405,'Wilda Nielsen','CUSTOMER')
,(406,'Jensen Richard','CUSTOMER')
,(407,'Dejesus Torres','CUSTOMER')
,(408,'Lucia Marquez','CUSTOMER')
,(409,'Odessa Knox','CUSTOMER')
,(410,'Lilly Logan','CUSTOMER')
,(411,'Dunn Snow','CUSTOMER')
,(412,'Autumn Nguyen','CUSTOMER')
,(413,'Karla Frazier','CUSTOMER')
,(414,'Freeman Gates','CUSTOMER')
,(415,'Cooley Hodges','CUSTOMER')
,(416,'Rosemary Mueller','CUSTOMER')
,(417,'Haley Garrett','CUSTOMER')
,(418,'Lynette Chan','CUSTOMER')
,(419,'Paula Diaz','CUSTOMER')
,(420,'Bowers Lowery','CUSTOMER');
INSERT INTO user(id,name,role) VALUES
 (421,'Ellen Walsh','CUSTOMER')
,(422,'Armstrong Mitchell','CUSTOMER')
,(423,'Robinson Curry','CUSTOMER')
,(424,'Delacruz Mack','CUSTOMER')
,(425,'Peck Aguirre','CUSTOMER')
,(426,'Marissa Wilkinson','CUSTOMER')
,(427,'Spence Garner','CUSTOMER')
,(428,'Freda Bruce','CUSTOMER')
,(429,'Thelma Vance','CUSTOMER')
,(430,'Betsy Burks','CUSTOMER')
,(431,'Daugherty Cook','CUSTOMER')
,(432,'Shanna May','CUSTOMER')
,(433,'Antoinette Briggs','CUSTOMER')
,(434,'Louise Woodard','CUSTOMER')
,(435,'Rowland Oliver','CUSTOMER')
,(436,'Guy Henson','CUSTOMER')
,(437,'Steele Bowers','CUSTOMER')
,(438,'Blair Giles','CUSTOMER')
,(439,'Valdez Greer','CUSTOMER')
,(440,'Hurst Jennings','CUSTOMER');
INSERT INTO user(id,name,role) VALUES
 (441,'Baldwin Castaneda','CUSTOMER')
,(442,'Juliette Gutierrez','CUSTOMER')
,(443,'Wells Buck','CUSTOMER')
,(444,'Kerr Medina','CUSTOMER')
,(445,'Mable Fuentes','CUSTOMER')
,(446,'Joann Miles','CUSTOMER')
,(447,'Marlene Rosa','CUSTOMER')
,(448,'Stella Allen','CUSTOMER')
,(449,'Howard Vazquez','CUSTOMER')
,(450,'Margret Schultz','CUSTOMER')
,(451,'Baird Christian','CUSTOMER')
,(452,'Gilmore Tyler','CUSTOMER')
,(453,'Pope Coleman','CUSTOMER')
,(454,'Melton Chaney','CUSTOMER')
,(455,'Jodie Parker','CUSTOMER')
,(456,'Nannie Hensley','CUSTOMER')
,(457,'Darlene Beach','CUSTOMER')
,(458,'Hollie Mclaughlin','CUSTOMER')
,(459,'Klein Wright','CUSTOMER')
,(460,'Joyce Workman','CUSTOMER');
INSERT INTO user(id,name,role) VALUES
 (461,'Hillary Quinn','CUSTOMER')
,(462,'Newman Hester','CUSTOMER')
,(463,'Molly Cantu','CUSTOMER')
,(464,'Mcknight Emerson','CUSTOMER')
,(465,'Janna Hayes','CUSTOMER')
,(466,'Colleen Whitehead','CUSTOMER')
,(467,'Leblanc Stanton','CUSTOMER')
,(468,'Nita Cain','CUSTOMER')
,(469,'Williamson Alexander','CUSTOMER')
,(470,'Albert Strickland','CUSTOMER')
,(471,'Clements Branch','CUSTOMER')
,(472,'Clemons Washington','CUSTOMER')
,(473,'Sweet Acevedo','CUSTOMER')
,(474,'Bradshaw Finley','CUSTOMER')
,(475,'Shelton Stein','CUSTOMER')
,(476,'Evangeline Harrison','CUSTOMER')
,(477,'Poole Brennan','CUSTOMER')
,(478,'Christian Powers','CUSTOMER')
,(479,'Flowers Gray','CUSTOMER')
,(480,'Hood Lloyd','CUSTOMER');
INSERT INTO user(id,name,role) VALUES
 (481,'Lottie Marsh','CUSTOMER')
,(482,'Farmer Walters','CUSTOMER')
,(483,'Gay Norris','CUSTOMER')
,(484,'Francine Mcclain','CUSTOMER')
,(485,'Sweeney Santana','CUSTOMER')
,(486,'Whitaker Clarke','CUSTOMER')
,(487,'Webster Morin','CUSTOMER')
,(488,'Aileen Tanner','CUSTOMER')
,(489,'Alisha Morton','CUSTOMER')
,(490,'Elisa Harris','CUSTOMER')
,(491,'Parrish Cleveland','CUSTOMER')
,(492,'Florence Hartman','CUSTOMER')
,(493,'Jayne Delacruz','CUSTOMER')
,(494,'Charles Zamora','CUSTOMER')
,(495,'Jimmie Clements','CUSTOMER')
,(496,'Sanford Goodwin','CUSTOMER')
,(497,'Lowery Dorsey','CUSTOMER')
,(498,'Nichole Payne','CUSTOMER')
,(499,'Patti Alvarez','CUSTOMER')
,(500,'Eunice White','CUSTOMER');
INSERT INTO user(id,name,role) VALUES
 (501,'Woodward Wilson','CUSTOMER')
,(502,'Katherine Case','CUSTOMER')
,(503,'Gracie Thornton','CUSTOMER')
,(504,'Shawn Poole','CUSTOMER')
,(505,'Brock Bishop','CUSTOMER')
,(506,'Dyer Peck','CUSTOMER')
,(507,'Deanna Olson','CUSTOMER')
,(508,'Tabatha Ayala','CUSTOMER')
,(509,'Russo Ross','CUSTOMER')
,(510,'Leigh Roach','CUSTOMER')
,(511,'Millicent Collier','CUSTOMER')
,(512,'Willis Hawkins','CUSTOMER')
,(513,'Carmella Hooper','CUSTOMER')
,(514,'Alexander Savage','CUSTOMER')
,(515,'Harriet Elliott','CUSTOMER')
,(516,'Anderson Charles','CUSTOMER')
,(517,'Janet Vasquez','CUSTOMER')
,(518,'Sanchez Duran','CUSTOMER')
,(519,'Polly Madden','CUSTOMER')
,(520,'Virginia Huffman','CUSTOMER');
INSERT INTO user(id,name,role) VALUES
 (521,'Bruce Roy','CUSTOMER')
,(522,'Maryellen Kemp','CUSTOMER')
,(523,'Amanda Hopkins','CUSTOMER')
,(524,'Stephenson Kirkland','CUSTOMER')
,(525,'Bernadette Little','CUSTOMER')
,(526,'Wanda Mathews','CUSTOMER')
,(527,'Robles Contreras','CUSTOMER')
,(528,'Bobbi Bell','CUSTOMER')
,(529,'Jenna Blair','CUSTOMER')
,(530,'Booker Travis','CUSTOMER')
,(531,'Douglas Mendez','CUSTOMER')
,(532,'Janelle Robbins','CUSTOMER')
,(533,'Tami Avery','CUSTOMER')
,(534,'Carolyn Hunter','CUSTOMER')
,(535,'Eva Ward','CUSTOMER')
,(536,'Hoffman Tate','CUSTOMER')
,(537,'Hickman Fitzpatrick','CUSTOMER')
,(538,'Prince Chambers','CUSTOMER')
,(539,'Herrera Britt','CUSTOMER')
,(540,'Erma Boyd','CUSTOMER');
INSERT INTO user(id,name,role) VALUES
 (541,'Shana Marshall','CUSTOMER')
,(542,'Simmons Greene','CUSTOMER')
,(543,'Rosalyn Wiggins','CUSTOMER')
,(544,'Dickson Sykes','CUSTOMER')
,(545,'Maritza Ford','CUSTOMER')
,(546,'Levine Bullock','CUSTOMER')
,(547,'Twila Justice','CUSTOMER')
,(548,'Therese Knapp','CUSTOMER')
,(549,'Burton Blackburn','CUSTOMER')
,(550,'Elvia Guthrie','CUSTOMER')
,(551,'Josefa Snider','CUSTOMER')
,(552,'Oconnor Valentine','CUSTOMER')
,(553,'Lee Mercado','CUSTOMER')
,(554,'Trina Erickson','CUSTOMER')
,(555,'Benson Joyce','CUSTOMER')
,(556,'Beverley Kane','CUSTOMER')
,(557,'Lenora Ortega','CUSTOMER')
,(558,'Haney Booker','CUSTOMER')
,(559,'Lavonne Franks','CUSTOMER')
,(560,'Lee Cross','CUSTOMER');
INSERT INTO user(id,name,role) VALUES
 (561,'Cardenas Park','CUSTOMER')
,(562,'Barber Young','CUSTOMER')
,(563,'Melendez Pacheco','CUSTOMER')
,(564,'Fischer Gaines','CUSTOMER')
,(565,'Sonja Jones','CUSTOMER')
,(566,'Vonda Sellers','CUSTOMER')
,(567,'Jamie Carter','CUSTOMER')
,(568,'Bond Barton','CUSTOMER')
,(569,'Graciela Marks','CUSTOMER')
,(570,'Lessie Maynard','CUSTOMER')
,(571,'Horton Burch','CUSTOMER')
,(572,'Evelyn Orr','CUSTOMER')
,(573,'Jolene Baldwin','CUSTOMER')
,(574,'Barton Moon','CUSTOMER')
,(575,'Cherie Bird','CUSTOMER')
,(576,'Burgess Lawson','CUSTOMER')
,(577,'Alston Kelley','CUSTOMER')
,(578,'Glenda Estrada','CUSTOMER')
,(579,'Jackson Owens','CUSTOMER')
,(580,'Lynch Brady','CUSTOMER');
INSERT INTO user(id,name,role) VALUES
 (581,'Pamela Paul','CUSTOMER')
,(582,'Bolton Dickerson','CUSTOMER')
,(583,'Lizzie Molina','CUSTOMER')
,(584,'Hooper Day','CUSTOMER')
,(585,'Fleming Patrick','CUSTOMER')
,(586,'Sofia Oconnor','CUSTOMER')
,(587,'Claudia Benton','CUSTOMER')
,(588,'Burnett James','CUSTOMER')
,(589,'Diana Battle','CUSTOMER')
,(590,'Battle Carey','CUSTOMER')
,(591,'Amy Wolfe','CUSTOMER')
,(592,'Rosanna Carr','CUSTOMER')
,(593,'Boyer Fry','CUSTOMER')
,(594,'Roth Harding','CUSTOMER')
,(595,'Miller Rodgers','CUSTOMER')
,(596,'Forbes Mathis','CUSTOMER')
,(597,'Sara Macdonald','CUSTOMER')
,(598,'Ray Gomez','CUSTOMER')
,(599,'Maxine Noel','CUSTOMER')
,(600,'Chandra Tyson','CUSTOMER');
INSERT INTO user(id,name,role) VALUES
 (601,'Meyers Spears','CUSTOMER')
,(602,'Lucas Gregory','CUSTOMER')
,(603,'Price Sawyer','CUSTOMER')
,(604,'Alvarez Burris','CUSTOMER')
,(605,'Katina Tran','CUSTOMER')
,(606,'Earlene Craig','CUSTOMER')
,(607,'Marcella Rivers','CUSTOMER')
,(608,'Maribel Haney','CUSTOMER')
,(609,'Colon Best','CUSTOMER')
,(610,'Leila Lee','CUSTOMER')
,(611,'Elena Herrera','CUSTOMER');